salvador,13.8000382,-88.9140683
new york,40.7127281,-74.0060152
new york dec,44.3005113,-74.0796481
u.s.,46.822933750000004,12.414190671411337
uruguay,-32.8755548,-56.0201525
argentina,-34.9964963,-64.9672817
el-salvador,13.8000382,-88.9140683
usa,39.7837304,-100.445882
cleveland,41.4996574,-81.6936772
north america
inc,35.771111649999995,-78.56463898908424
north america,51.0000002,-109.0
houston,29.7589382,-95.3676974
texas,31.2638905,-98.5456116
harris county,29.8119769,-95.3741247
los,6.5739857,3.320786130444079
brazil,-10.3333333,-53.2
smith,32.3402898,-95.2563971
mexico,19.4326296,-99.1331785
washington,38.8950368,-77.0365427
n.a.,51.566874150000004,4.928503876146192
sorghum,41.4710318,2.0790089
buenos,33.2992595,-101.4876461
portland,45.5202471,-122.674194
new,6.0084489,-10.0316823
rochester,43.157285,-77.615214
commack,40.8428759,-73.2928943
lugano,46.0050102,8.9520281
switzerland,46.7985624,8.2319736
tex.,31.2638905,-98.5456116
santa,-8.9874476,-78.6136857
sealy,29.7789913,-96.1568381
chicago,41.8755616,-87.6244212
louisville,38.2542376,-85.759407
pittsburgh,40.4416941,-79.9900861
phoenix,33.4484367,-112.074141
west,0.5090396,34.5731341
united kingdom,54.7023545,-3.2765753
australia,-24.7761086,134.755
canada,61.0666922,-107.991707
japan,36.5748441,139.2394179
north yemen,23.604173199999998,58.436753880263765
fort,11.652936,78.1559665
venezuela,8.0018709,-66.1109318
chile,-31.7613365,-71.3187697
kokomo,40.4864444,-86.1336351
iran,2.9368696,115.4443356
tower,47.43872005,19.25702384516445
wash.,47.2868352,-120.212613
eastern bloc,51.4698829,-0.0673691
san,7.0000085,-73.2500086
conway,35.2521996,-92.6888936
richmond,37.5385087,-77.43428
carrollton,32.9537349,-96.8902816
scarborough,54.2820009,-0.4011868
wilmington,39.7459468,-75.546589
toronto,43.6534817,-79.3839347
london,51.5074456,-0.1277653
uk,6.3110548,20.5447525
anchorage,61.2163129,-149.894852
china,30.047992,-94.3357433
cranford,40.6584358,-74.2995923
schlang,47.7847701,10.7543009
morbelli,41.9050005,12.585468
rio,-22.9110137,-43.2093727
wellington,-41.2887953,174.7772114
new zealand's,-36.8401002,174.7467458
new-zealand,-41.5000831,172.8344077
panama,8.559559,-81.1308434
omaha,41.2587459,-95.9383758
kan.,38.27312,-98.5821872
iowa,41.9216734,-93.3122705
columbus,39.9622601,-83.0007065
farmington,44.6402434,-93.1435497
midland,31.83688,-102.0103767
honduras,15.2572432,-86.0755145
st,52.0089065,11.7003344
gulf,29.9665252,-85.2175889
the illinois river,32.1757192,-110.7898335
mississippi river,42.5462514,-90.6486011
st louis,38.6280278,-90.1910154
illinois river,40.5314164,-89.8319003
ohio river,38.7877904,-84.8101254
memphis/cairo,41.093504,-96.435253
new
york,40.7127281,-74.0060152
ottawa,45.4208777,-75.6901106
virginia,37.1232245,-78.4927721
minneapolis,44.9772995,-93.2654692
san francisco,37.7790262,-122.419906
shanghai,31.2312707,121.4700152
elkhart,41.6012796,-85.8590603
ind.,40.3270127,-86.1746933
martinsville,36.6915262,-79.8725386
new york city,40.7127281,-74.0060152
miami,25.7741728,-80.19362
atico,-16.2084572,-73.6232865
montreal,45.5031824,-73.5698065
quebec,52.4760892,-71.8258668
matane,48.8468773,-67.5295498
peladeau,45.3537984,-73.8881056
north
america,51.0000002,-109.0
donohue,54.972953,-1.5174427
britain,54.3151594,-1.9181532111487878
amos,48.5718519,-78.1160856
france,46.603354,1.8883335
philippines,12.7503486,122.7312101
westport,41.1414855,-73.3578955
stamford,41.0534302,-73.5387341
minnetonka,44.9405086,-93.4638936
mclean,40.4631789,-88.8196613
little,-25.0813889,27.9286111
clarksburg,39.2806451,-80.3445341
kansas,38.27312,-98.5821872
cincinnati,39.1014537,-84.5124602
kansas city,39.100105,-94.5781416
ill.,40.0796606,-89.4337288
toledo,39.8560679,-4.0239568
lou gulf,32.0527802,118.7711087
la,34.0536909,-118.242766
tex gulf,28.7213753,-95.8919061
albany,42.6511674,-73.754968
lubbock,33.5855677,-101.8470215
iraq,33.0955793,44.1749775
baghdad,33.3061701,44.3872213
basra,30.4952371,47.8090981
reading,51.4564242,-0.9700664
dearborn,42.3222599,-83.1763145
dallas,32.7762719,-96.7968559
irvine,33.6856969,-117.8259819
seadrift,28.4152807,-96.7135933
suffield,41.9816944,-72.6506604
hartford,41.764582,-72.6908547
conn.,41.6500201,-72.7342163
branchville,36.5704293,-77.2485797
west orange,40.7987113,-74.2390353
st.,52.0089065,11.7003344
hong kong,22.350627,114.1849161
new zealand,-41.5000831,172.8344077
west texas,34.2646053,-93.4758459
johnstone,55.836517,-4.5122831
caracas,10.5060934,-66.9146008
golden,39.7546349,-105.22058
beverly,42.5486559,-70.8784256
calgary,51.0456064,-114.057541
mideast,37.9836865,23.7581405
birmingham,52.4796992,-1.9026911
troy,39.957373950000004,26.238017461011644
elwood,41.4039201,-88.1117242
los angeles,34.0536909,-118.242766
palo,42.3231958,0.2440283
fremont,37.5482697,-121.988571
calif.,36.7014631,-118.755997
delaware,38.6920451,-75.4013315
michel cote,44.075333799999996,5.177145060294118
maine,45.709097,-68.8590201
louisiana,30.8703881,-92.007126
glenmora,30.9765797,-92.5851402
la.,34.0536909,-118.242766
the south inc,25.77248495,-80.13743529011056
ala.,33.2588817,-86.8295337
korea,50.4837993,23.7590924
europe,51.0,10.0
algeria,28.0000272,2.9999825
sonatrach,36.74003945,3.04506607131139
algiers,36.7753606,3.0601882
distrigas,-51.53825585,-72.32457312673648
paris,48.8588897,2.3200410217200766
moscow,55.625578,37.6063916
ussr,18.222304,109.5155769
the united states,47.830324,-122.597908
e.h.,17.6266116,-63.2509548
florence,43.7698712,11.2555757
warrington,53.4018582,-2.5680223597163048
maryland,39.5162401,-76.9382069
idaho,43.6447642,-114.015407
the district of columbia,38.889059149999994,-77.04016998008728
vancouver,49.2608724,-123.113952
alberta,55.001251,-115.002136
ontario,50.000678,-86.000977
chula,39.921718,-93.474426
chula vista,32.6400541,-117.0841955
philadelphia,39.9527237,-75.1635262
west germany,50.0980486,8.546222066188694
lyng,52.7119656,1.0731056879178702
south louisiana sweet,31.7486628,-93.0826689
new hampshire,43.4849133,-71.6553992
n.y.,43.1561681,-75.8449946
seabrook,29.5633199,-95.019723
n.h.,43.4849133,-71.6553992
addison,41.931696,-87.9889556
illinois,40.0796606,-89.4337288
winnipeg,49.8955367,-97.1384584
south-korea,36.638392,127.6961188
cape,7.3251229,126.1000657
delta,33.3926893,-95.6749486
scottsdale,33.4942189,-111.926018
tokyo,35.6821936,139.762221
pasadena,34.1476507,-118.1441551
california,36.7014631,-118.755997
rome,41.8933203,12.4829321
italy,42.6384261,12.674297
greenwich,51.46862565,0.04883057313755089
treasuries,26.8953328,75.7982485
germany,40.4203479,-79.1166983
hong-kong,22.350627,114.1849161
taipei,25.0375198,121.5636796
taiwan,23.5983227,120.83537694479215
asia,51.2086975,89.2343748
canberra,-35.2975906,149.1012676
bangkok,13.8245796,100.6224463
thailand,13.03876215,101.70017611907599
manila,14.5906346,120.9799964
costa rica,9.536456900000001,-84.17566257468567
colombia,4.099917,-72.9088133
ivory coast,7.9897371,-5.5679458
indonesia,-2.4833826,117.8902853
jakarta,-6.175247,106.8270488
kuwait,29.3796532,47.9734174
geneva,46.2047169,6.1423106290939335
the united arab emirates,38.9449546,-77.06925771192749
ecuador,-1.3397668,-79.3666965
qatar,39.1074426,47.5061085
south-east asia,-36.8624515,174.7207047
pakistan,30.3308401,71.247499
bombay,19.0785451,72.878176
india,22.3511148,78.6677428
peking,39.9057136,116.3912972
tianjin,39.1175488,117.1913008
north,8.7712794,13.7803627
bahrain,26.0280409,50.55316820508136
saudi-arabia,25.6242618,42.3528328
fish lake,41.5667112,-86.5519609
dhaka,23.7644025,90.389015
bangladesh,-0.2864982,36.0514231
doha,25.2856329,51.5264162
oman,42.2679001,26.9246399
saudi
arabia,25.6242618,42.3528328
saudi
arabia,25.6242618,42.3528328
saudi
arabia,25.6242618,42.3528328
saudi arabia,25.6242618,42.3528328
uae,24.0002488,53.9994829
saudi arabia's,20.0003317,41.4669097
jamaica,18.1850507,-77.3947693
hong,10.262294749999999,12.94792540302047
hong
kong,22.350627,114.1849161
cheung kong,22.3125986,113.91729986640615
cairo,30.0443879,31.2357257
egypt,35.8681298,-90.9456751
lusaka,-15.357609,29.1653092
zambia,-14.5189121,27.5589884
warsaw,52.2319581,21.0067249
poland,52.215933,19.134422
nippon,36.5748441,139.2394179
kokan,38.5191743,40.9107739
chad,15.6134137,19.0156172
ethiopia,10.2116702,38.6521203
djibouti,11.8145966,42.8453061
zaire,-0.6494883,17.6652217
uganda,1.5333554,32.2166578
congo,-2.9814344,23.8222636
brussels,50.8465573,4.351697
belgium,50.6402809,4.6667145
sydney,-33.8698439,151.2082848
colombo,6.9388614,79.8542005
sri-lanka,7.5554942,80.7137847
the bay of plenty,-37.96784595,176.9729970349315
the north island,-27.9261111,32.505
matahina,-38.14582005,176.81652322068243
abu,-9.075145299999999,124.90269861114535
ju'aymah,15.9832195,48.6592528
yanbu,24.25261595,38.25366153451775
jubail,27.0006968,49.6532161
netherlands,52.2434979,5.6343227
singapore,1.357107,103.8194992
mas,46.1511661,12.1280129
toyko,-26.3520592,28.3927944
frankfurt,50.1106444,8.6820917
iceland,64.9841821,-18.1059013
hoogovens,52.47259,4.62379
duesseldorf,51.2254018,6.7763137
west-germany,50.0980486,8.546222066188694
michigan,43.6211955,-84.6824346
luxembourg,49.6112768,6.129799
amsterdam,52.3730796,4.8924534
stockholm,59.3251172,18.0710935
sweden,44.133435,-70.822678
wallenberg,50.5720936,10.2254967
zurich,47.3744489,8.5410422
united kingdom),54.7023545,-3.2765753
stg,56.57905115,-169.669219732237
n.m.,34.5802074,-105.9960475
nigeria,9.6000359,7.9999721
the far
east,53.847776,-8.9626357
soweto,-26.2227778,27.89
south africa's,-26.4630024,27.7668795
south africa,-28.8166236,24.991639
south-africa,-28.8166236,24.991639
kuala,21.1350826,-156.730543
malaysia,4.5693754,102.2656823
la paz,-16.4955455,-68.1336229
bolivia,-17.0568696,-64.9912286
lagos,6.4550575,3.3941795
seoul,37.5666791,126.9782914
south korea,36.638392,127.6961188
south korea's,36.9643355,126.9984173
the,52.45777545,-1.869209938214711
heilongjiang,48.0000047,127.999992
shandong,36.398987,118.5055691
san miguel's,32.1802483,-80.7301169
san miguel,38.0292476,-108.4712533
beirut,33.8959203,35.47843
lebanon,40.375713,-76.4626118
syria,35.8323648,38.5414697
delhi,28.6273928,77.1716954
u.k.,54.7023545,-3.2765753
ste,13.0368003,80.2464194
rotterdam,51.9244424,4.47775
boulder,40.0149856,-105.270545
colorado,38.7251776,-105.607716
budapest,47.4978918,19.0401609
hungary,41.9767629,-72.7789842
alaska,64.4459613,-149.680909
u.s./japan,35.2844871,139.66622774721284
the soviet union,44.423953,34.0547074
gulf
arab,25.2569153,55.335643
emirates,53.86980635,27.551308508846986
fourtou,42.9076675,2.4301112
south,2.7497556,11.4860732
hong kong's,22.3223566,114.22771862398785
u.s,46.822933750000004,12.414190671411337
detroit,42.3315509,-83.0466403
milwaukee,43.0349931,-87.922497
kenosha,42.5846773,-87.8212263
wisconsin,44.4308975,-89.6884637
mountain view,37.3893889,-122.0832101
madrid,40.4167047,-3.7035825
spain,39.3260685,-4.8379791
berne,46.9484742,7.4521749
key s,52.5062713,13.4464341
englewood,39.6482059,-104.9879641
fullerton,33.8708215,-117.9294165
buckhorn,37.3487019,-83.4762961
new
jersey,40.0757384,-74.4041622
paulsboro,39.830391,-75.2404608
new
jersey,40.0757384,-74.4041622
rockville,39.0817985,-77.1516844
bluffton,46.4691278,-95.2330859
ohio,40.2253569,-82.6881395
alabama,33.2588817,-86.8295337
florida,27.7567667,-81.4639835
westminster,51.5004439,-0.1265398
new jersey,40.0757384,-74.4041622
purolator,53.5021984,-113.6258565
karachi,24.6254188,46.5616122
santa
barbara,34.4221319,-119.702667
eschborn,50.1426423,8.5716274
ludwigshafen,49.4704113,8.4381568
baden,48.1928371,8.1390286
santa barbara,34.4221319,-119.702667
sunnyvale,37.3688301,-122.036349
montoya,28.6020776,-106.3108855
hawthorne,33.9188589,-118.3483256
se,-10.6743911,-37.3773519
nevada,39.5158825,-116.853722
georgia,32.3293809,-83.1137366
nunn,40.7035917,-104.780802
north
kingstown,41.5514283,-71.4693875
r.i.,41.7962409,-71.5992372
arsenal,51.5584284,-0.1056554
basle,4.0664,43.1459
lausanne,46.5218269,6.6327025
oak,37.72225915,-122.21701661553246
fair,49.93216245,8.684753081266553
thomasville,35.8831786,-80.081817
elmwood,43.5847412,-83.2832836
old,45.7888785,18.3517467
the province of quebec,-33.9516838,18.3833818
boston,42.3554334,-71.060511
tampa,27.9477595,-82.458444
oakland,37.8044557,-122.271356
elk,41.437362,-78.626009
dar,40.168765,-84.631372
tanzania,-6.5247123,35.7878438
the united
states,47.8281626,-122.598365
alpine,38.5893934,-119.8345013
british columbia,55.001251,-125.002441
corning,42.1435257,-77.0543408
bhutan,33.0204804,75.6458366
nepal,-6.4955532,110.8440229
yemen,16.3471243,47.8915271
ankara,39.9207759,32.8540497
turkey,38.9597594,34.9249653
atlantic city,39.3642852,-74.4229351
morristown,40.7992398,-74.4774358537687
ridgefield,41.2814842,-73.4981792
freehold,40.2601096,-74.2737573
monmouth county,40.2932319,-74.1671114
petersburg,37.1924594,-77.3677408
johannesburg,-26.205,28.049722
natick,42.2836393,-71.346996
tahlequah,35.91537,-94.969956
penhale,50.379916,-4.9415206
garden,41.6440533,-102.3392806
antonson,54.1248385,-122.2306502
laporte,41.5718945,-86.7490124
indiana,40.3270127,-86.1746933
beijing,39.9057136,116.3912972
billerica,42.5584264,-71.268947
santa barbara biltmore
hotel,34.417564049999996,-119.64184984467614
north
america,51.0000002,-109.0
huntsville,34.729847,-86.5859011
daytona beach,29.2108147,-81.0228331
melbourne,-37.8142454,144.9631732
sarasota,27.3365805,-82.5308545
indianapolis,39.7683331,-86.1583502
new york's,40.7489457,-73.96808424536403
savannah,32.0790074,-81.0921335
ga.,-0.8999695,11.6899699
killington,43.67433,-72.7784445
clearwater,27.9658533,-82.8001026
cambridge,52.2055314,0.1186637
winnemucca,40.972415,-117.7347619
pitman,39.731681,-75.1300457
rye,46.8712641,5.4297754
white,38.0632329,-88.1577725
dedham,41.9063152,-94.8222082
mass.,42.3788774,-72.032366
milan,45.4641943,9.1896346
butler,39.4233043,-84.5936897
cologne,43.7218277,0.9774958
austria,47.59397,14.12456
lichtenstein,48.4312138,9.256542
liechtenstein,47.1416307,9.5531527
dayton,39.7589478,-84.1916069
defiance county,41.3203058,-84.5084835
clinton,38.5896187,-89.420064
county,39.982355,112.397213
pa.,-4.7493933,-52.8973006
winston-salem,36.0998131,-80.2440518
wales,52.2928116,-3.73893
hauppauge,40.8256537,-73.2026138
eden,36.4884715,-79.7667026
saddle,33.1578217,-113.08018
urbana,40.1117174,-88.207301
md.,39.5162401,-76.9382069
fountain,40.125252,-87.2497418
wilton,47.5034,-95.001117
jenrette,34.0379488,-78.7119617
gulf coast,26.301135,-81.797742
the gulf
coast,29.8731629,-93.9329129
union,37.4616454,-89.2504793
west
coast,-42.5638896,171.45233400435404
wedge,71.9183,-24.9453437
pesch,50.998412,6.876805
blue,43.2710293,-124.0864865
jackson,32.2998686,-90.1830408
mount,53.6596871,-1.8536975
somerville,42.3875968,-71.0994968
canton,32.555664,-95.8640507
treviso,45.806691349999994,12.206315763116372
the pacific northwest,44.54920525,-122.91044412672929
thousand,50.8704094,20.6300989
belfast,54.596391,-5.9301829
northern ireland,54.5859836,-6.9591554
cynergy,40.6861436,-73.9907132
boise,43.6166163,-116.200886
port,46.1635975,5.5710285
pennsylvania,40.9699889,-77.7278831
great,22.1002143,95.1416907
king,33.588178,-100.2178972
denver,39.7392364,-104.984862
gilroy,37.0065078,-121.5631723
atlanta,33.7489924,-84.3902644
foster,47.4642277,-98.8815333
upper,-0.5949615,30.6685284
wayzata,44.970759,-93.511947
baltimore,39.2908816,-76.610759
appleton,44.2613967,-88.4069744
kingston,17.9712148,-76.7928128
beaverton,45.4871723,-122.80378
woodbury,42.3775361,-96.0607187
wayne,38.4251958,-88.4197678
lagrange,43.1268715,0.3513345
lombard,47.0783,5.85362
winter,45.8196835,-91.0118303
bb,52.8455492,13.2461296
arlington,32.7355816,-97.1071186
saragossa,41.6521342,-0.8809428
malaga,36.7213028,-4.4216366
cupertino,37.3228934,-122.0322895
timmins,48.477473,-81.330414
harare,-17.831773,31.045686
zimbabwe,-18.4554963,29.7468414
southern africa's,14.5608652,121.0160019
africa,11.5024338,17.7578122
united states,39.7837304,-100.445882
pearl,32.2735792,-90.127881
san diego,32.7174202,-117.1627728
carson,35.3636563,-101.3353895
nacco,39.9184524,-80.9922951
reno,39.5261206,-119.8126581
turbo,0.5975132000000001,35.098474606593726
van,38.3249599,43.6589825
providence,41.8239891,-71.4128343
manchester,53.4794892,-2.2451148
rexnord,44.76731855,10.822994425456246
kenosa,34.517371,-79.320965
costa,42.5749251,9.0025896
valley,41.5595723,-98.9805484
las,36.0861034,-115.1611197919236
newport,41.4899827,-71.3137707
ireland,52.865196,-7.9794599
memphis,35.1460249,-90.0517638
greensboro,36.0726355,-79.7919754
n.c.,35.6729639,-79.0392919
jacksonville,30.3321838,-81.655651
fla.,27.7567667,-81.4639835
mo.,44.5384728,10.935960870530739
arctic,42.1856379,-75.4143448
sanford,35.4798757,-79.1802994
bellport,40.7570429,-72.9392727
cuba,23.0131338,-80.8328748
akron,41.083064,-81.518485
norwood,40.7055931,-89.6987129
us,17.789187,-64.7080574
randolph,38.0472916,-89.8107962
mckiernan,45.4639258,-73.5953386
grand,48.386104,5.4866253
new mexico,34.5802074,-105.9960475
the gulf of mexico,30.688459,-88.03756769226746
berkeley,37.8708393,-122.272863
dubai,25.2653471,55.2924914
united arab emirates,24.0002488,53.9994829
danville,40.125222,-87.6304614
northern california,37.9046224,-122.315244
san ramon,37.7648021,-121.9544387
ann,37.0308871,-92.1973807
wichita,37.6922361,-97.3375448
the united kingdom,52.45777545,-1.869209938214711
henderson,32.182598,-95.7893178
carwin,29.0186064,-0.2585993
northbrook,42.128704,-87.8265089
wis.,44.4308975,-89.6884637
coeur,47.6089851,-0.3513197
exton,40.0289955,-75.6207651
gelco,10.9810471,-74.76434350070204
mountain,48.6843951,-97.8652374
republic,39.8266503,-97.6580834
fort lauderdale,26.1223084,-80.1433786
jenkintown,40.0959385,-75.1256812
pensacola,30.421309,-87.2169149
fla,27.7567667,-81.4639835
tamarac,26.2048464,-80.27080479659301
valley cottage,41.1181514,-73.9554159
college point,40.7876014,-73.8459682
fairfax,38.8156356,-77.2836849
bess,33.5416748,-92.8285793
masontown,39.552306,-79.7978358
manhattan,40.7896239,-73.9598939
moseley,52.4477685,-1.8848045
rifkind,38.360977,-77.419229
seattle,47.6038321,-122.330062
davenport,41.5235808,-90.5770967
sterling,31.8151416,-101.0452671
brentwood,37.9317766,-121.696026
lexington,38.0464066,-84.4970393
harrah,35.4895085,-97.1636408
highpoint,39.6909444,-75.8816076
wallaceburg,33.8931663,-93.547401
el,38.915304000000006,-99.31725312947998
el paso,31.7550511,-106.488234
el paso's,30.6173738,-87.0535062
st.
louis to 89,43.9007486,1.3488684
nitro,48.31295,18.0894593
fontana,34.0922947,-117.4343301
orange county,33.7500378,-117.8704931
southfield,42.4733689,-83.2218731
encore,33.84793085,-112.10811594960873
boca,45.678969,8.408726
cherry hill,44.1503881,-64.5007587
n.j.,40.0757384,-74.4041622
boca raton,26.3586885,-80.0830984
tenn.,35.7730076,-86.2820081
the virgin islands,17.7289564,-64.75901597858353
virgin islands,18.4024395,-64.5661642
non-u.s.,26.54820235,-78.69623842551148
guam,13.4499943,144.7651677
us-virgin-islands,17.789187,-64.7080574
hemophilia,39.74802975,-104.8346257609324
f.o.b,40.6826223,-73.9931049
portugal,39.6621648,-8.1353519
uruaguay,32.5138916,-116.9127317
athens,33.9597677,-83.376398
greece,43.2097838,-77.6930602
the aegean sea,38.3729989,26.1389115
newark,40.735657,-74.1723667
del.,38.6920451,-75.4013315
st.
louis,38.6280278,-90.1910154
salt lake city,40.7596198,-111.886797
utah,39.4225192,-111.714358
bountiful,40.8894611,-111.8804817
ventana,-47.0328611,-68.7691498
belmont,48.4086571,7.2386756
brookfield,41.8228378,-87.848085
woodstock,42.0410578,-74.1182492
hollywood,34.0980031,-118.329523
los
angeles,34.0536909,-118.242766
jefferies,51.0340377,-0.0314816
ivlev,45.1900185,40.5311372
north-east,-21.0244816,27.5147504
the north
island,-27.9261111,32.505
kawerau,-38.0857434,176.7033298
auckland,-36.852095,174.7631803
battery,3.9611481,43.0468292
libya,26.8234472,18.1236723
helsinki,60.1674881,24.9427473
finland,63.2467777,25.9209164
south
korea,36.638392,127.6961188
ayala,43.076100600000004,-3.0790858063581146
the pacific coast,38.0186902,-122.7298682
salina cruz,16.1825,-95.195833
santa cruz,28.467178,-16.2507843
comalco,-23.8343814,151.1529791
goldendale,45.8206794,-120.821731
oregon,43.9792797,-120.737257
czechoslovakia,14.480176,121.0392436
romania,45.9852129,24.6859225
northeast,-21.0244816,27.5147504
dalian,38.9181714,121.6282945
u.s. dlr,31.6982032,34.5848533
kaohsiung,22.6203348,120.3120375
franco,39.9016549,-0.6823606
degussa,51.36815775,6.66260165
england,52.5310214,-1.2649062
columbia,4.099917,-72.9088133
ultramar,43.23557555,-80.28875959999999
bonn,50.735851,7.10066
latin america,42.337865949999994,-71.10127414497714
stuttgart,48.7784485,9.1800132
unterturkheim,48.7802,9.2509
baden-wuerttemberg,48.53775,9.041169
hongkong,22.350627,114.1849161
liang,-3.1097241,128.7379708
roma,41.8933203,12.4829321
ada,43.4136539,-116.2367421
torrance,33.8358492,-118.3406288
dallas/fort,32.89651945,-97.0465220537124
burlington,44.4761601,-73.212906
new london,41.3556187,-72.0997804
caribbean,18.4,-75.0
san juan,18.465299,-66.116666
puerto rico,18.2247706,-66.4858295
dublin,53.3493795,-6.2605593
equatorial,2.8184254,-60.7664732
the north
island,-27.9261111,32.505
wilcox/gibbs,31.935053,-83.387345
raleigh,35.7803977,-78.6390989
wake county,35.7979355,-78.6118311
halifax,44.648618,-63.5859487
north america
inc,35.771111649999995,-78.56463898908424
new
york,40.7127281,-74.0060152
north
america,51.0000002,-109.0
saudi
arabia,25.6242618,42.3528328
saudi
arabia,25.6242618,42.3528328
saudi
arabia,25.6242618,42.3528328
hong
kong,22.350627,114.1849161
the far
east,53.847776,-8.9626357
gulf
arab,25.2569153,55.335643
new
jersey,40.0757384,-74.4041622
new
jersey,40.0757384,-74.4041622
santa
barbara,34.4221319,-119.702667
north
kingstown,41.5514283,-71.4693875
the united
states,47.830324,-122.597908
santa barbara biltmore
hotel,34.417564049999996,-119.64184984467614
north
america,51.0000002,-109.0
the gulf
coast,29.8731629,-93.9329129
west
coast,-42.5638896,171.45233400435404
st.
louis to 89,43.9007486,1.3488684
st.
louis,38.6280278,-90.1910154
los
angeles,34.0536909,-118.242766
the north
island,-27.9261111,32.505
south
korea,36.638392,127.6961188
the north
island,-27.9261111,32.505
soviet union,44.566633350000004,27.359792969682104
evendale,39.2561691,-84.417997
salt,41.9741672,2.7949886
chesebrough,40.5458156,-74.1677354
asia/pacific,34.8528895,-82.3573713
western europe,53.8608204,27.550831542100035
lisbon,38.7077507,-9.1365919
teterboro,40.857483,-74.06003621298285
nairobi,-1.3026148499999999,36.82884201813725
kenya,1.4419683,38.4313975
lifetime,6.8772284,79.9350405
cohasset,47.263556,-93.620215
eatontown,40.2962222,-74.0509725
syracuse,43.0481221,-76.1474244
bangor,44.8016255,-68.7713289
last chance,39.1112909,-120.6246506
colo.,38.7251776,-105.607716
pharmacia,28.0767926,-16.5609709
smithtown,40.8559314,-73.2006687
south america,-21.0002179,-61.0006565
kalamazoo,42.291707,-85.5872286
north atlantic,47.6117894,-52.7501069
bloomington,39.1670396,-86.5342881
horsham,51.0630273,-0.3295028
pittsfield,42.451302,-73.260018
west
germany,50.0980486,8.546222066188694
saudi
arabia,25.6242618,42.3528328
state,42.3588043,-71.0577716
bensalem,40.1045549,-74.951279
watchung,40.6378801,-74.4509863
oklahoma,34.9550817,-97.2684063
waltham,42.3756401,-71.2358004
united,37.9906638,-81.4264987
the gaza strip,31.513730350000003,34.43982707426764
israel,39.3181528,-79.8109014
belgrade,44.8178131,20.4568974
yugoslavia,23.04123655,-81.52614194734898
parsippany,40.8578772,-74.4259866
rosemont,41.9941334,-87.8756737
novopharm,43.7897201,-79.2300281
worcester,42.2625621,-71.8018877
rockies,43.3578532,-110.917506
oakville,43.447436,-79.666672
the united
states,47.830324,-122.597908
the united
states,47.830324,-122.597908
binghamton,42.098698,-75.9125187
okalhoma,35.4593846,-97.45563870000001
craxi,43.90921395,12.915314220726795
essex,51.77046785,0.46466977412300386
des moines,41.5910323,-93.6046655
oklahoma city,35.4729886,-97.5170536
hillside,41.8778084,-87.9028398
santiago,9.8694792,-83.7980749
bethpage,40.749517,-73.485536
albuquerque,35.0841034,-106.650985
ogden,41.2230048,-111.9738429
guinea,10.7226226,-10.7083587
liberia,5.7499721,-9.3658524
anaheim,33.8347516,-117.911732
angleton,29.16941,-95.4318847
porter,41.4457032,-87.0724971
nassau county,40.7352994,-73.5615778
victoria,-36.5986096,144.6780052
richardson,40.1194651,-95.7607517
copenhagen,55.6867243,12.5700724
denmark,55.670249,10.3333283
kampala,0.3177137,32.5813539
novato,38.1061979,-122.5681191
deerfield,42.1711365,-87.8445119
the united
states,47.830324,-122.597908
trumbull,41.2428742,-73.2006687
trinidad,10.443024300000001,-61.26130538878063
tobago,11.24046155,-60.67200597857749
wickenburg,33.9680962,-112.730135
arizona,34.395342,-111.763275
atlantic,39.5143268,-74.6632883
bellows,29.79517415,-99.24813094320919
alexandria,44.83495335,8.745030418605868
trieste,45.6496485,13.7772781
alberto,55.001251,-115.002136
hesse,50.6080651,9.0284647
hamburg,53.550341,10.000654
bogota,4.6529539,-74.0835643
arango,23.0823385,-82.1829982
lake,39.0505411,-122.7776556
the united
kingdom,52.45777545,-1.869209938214711
leonia,40.8617353,-73.9880495
princeton,40.3496953,-74.6597376
valley forge,40.0970507,-75.4696358
austin,30.2711286,-97.7436995
klingensmith,42.610853,-83.306913
baton,-7.333333,28.85
bauxite,34.5573078,-92.5237975
firebird,27.05732,-82.073005
van nuys,34.1866193,-118.4486675
tulsa,36.1563122,-95.9927516
framingham,42.2773177,-71.4165905
pompano beach,26.2378597,-80.1247667
kirkland,47.6765382,-122.2070775
des,42.6249211,-8.1550015
lima,-12.0621065,-77.0365256
peru,-6.8699697,-75.0458515
villa rica,33.732052,-84.9191081
villa,42.179016,12.0837399
wertheim,49.7614982,9.5155411
woolco,33.951629,-84.5145943
the united
states,47.830324,-122.597908
warren,41.8119602,-79.2654452
norfolk,52.666667,1.0
buffalo,37.7097669,-95.6974822
the western district,42.96999535,-85.6709013686176
the united
states,47.830324,-122.597908
reykjavik,64.145981,-21.9422367
morocco,28.3347722,-10.371337908392647
perth,-31.9558933,115.8605855
universal,39.621703,-87.4514088
ukraine,49.4871968,31.2718321
goleta,34.4358295,-119.8276389
north sea,56.0026997,2.8144672799047834
watertown,42.3652226,-71.1843771
carle,44.7230467,7.2906729
san bernardino county,34.8253019,-116.0833144
ouray,38.146044,-107.7414887
mississippi,32.9715285,-89.7348497
overland,38.7011626,-90.3623381
hawaii,19.593801499999998,-155.42837009716908
charlotte,35.2272086,-80.8430827
griffin jr.,31.130175,-91.0484375
tennessee,35.7730076,-86.2820081
santa
clara,37.2333253,-121.6846349
kahului,20.8894101,-156.4727118
tunisia,36.8002068,10.1857757
oldham,35.3907651,-102.6193428
cedar,41.7608608,-91.1263198
fresno,36.7295295,-119.70886126075588
hilton,13.016764250000001,80.20477750693047
conrad,42.2247216,-92.8742749
barron,45.423557,-91.8454099
the united
states,47.830324,-122.597908
ramsey,45.0165728,-93.0949501
zenith,41.0306404,-76.1888216
bedell,42.1950876,-74.5501532
pacific,46.5334929,-123.768029
neb.,41.7370229,-99.5873816
healy,63.8696428,-149.0191856
hutton,54.6325463,-2.8767891
central america,-30.29284845,153.12561585745573
nicaragua,12.6090157,-85.2936911
managua,12.1544035,-86.2737642
home,40.7395087,-79.1053129
nashville,36.1622767,-86.7742984
simi,-5.9756658,150.8335857
pontiac,42.6389216,-83.2910468
great britain's,51.266317799999996,0.16992125954854043
long,50.039326,1.9793659
tehran,35.6892523,51.3896004
spring,30.0798826,-95.4172549
belvidere,42.2579991,-88.841734
balmer,52.9075383,-2.8312653
westar,31.867378,-102.394902
the north sea,53.807922899999994,-1.6605354963206316
acton,51.5081402,-0.2732607
north carolina,35.6729639,-79.0392919
murfreesboro,35.8460396,-86.3921096
greenwood,37.8709542,-96.2471338
s.c.,33.6874388,-80.4363743
springfield,39.7990175,-89.6439575
johnson city,36.3134398,-82.3534728
lawrenceburg,38.0371378,-84.8962551
marlborough,42.3459271,-71.5522874
norwalk,41.1175966,-73.4078968
rolling,49.5503714,6.3167592
buffton,35.046042,-80.828258
lear,53.89093185,-7.805369583414558
middlebury,44.014299,-73.167229
northeastern u.s.,60.2438983,25.013124791356088
****santo,-15.156341050000002,167.05107047173001
the dominican republic,38.9132162,-77.048481
dominican-republic,19.0974031,-70.3028026
chernobyl,51.2705477,30.2195609
irving,32.8295183,-96.9442177
hicksville,40.7681926,-73.5238207
fairfield,39.7886111,-82.6418883
bentonville,36.3728538,-94.2088172
sri lanka's,9.1672628,80.8403146
padukka,6.8415384,80.0916472
evansville,37.970495,-87.5715641
west europe,-6.1814222,106.70617569904812
westfield,42.1205411,-72.7489158
costa-rica,9.536456900000001,-84.17566257468567
u.k.-u.s.,50.8567676,-3.663679596508935
chevy,-2.14813975,-79.89203748065623
provo,40.2337289,-111.6587085
dothan,31.2237285,-85.3934375
the city of new york,40.7645137,-73.9958411
el salvador,13.8000382,-88.9140683
guatemala,15.5855545,-90.345759
west germany's,50.097664800000004,8.587808737452352
the ivory coast,38.9140303,-77.053725
brasilia,-10.3333333,-53.2
yorktown,37.2378875,-76.5080633
melville,50.9307241,-102.807296
buenos aires,-34.6037157,-58.381642
cordoba,37.8845813,-4.7760138
la pampa,-37.2314643,-65.3972948
santa fe,-30.3154739,-61.1645076
misiones,-26.737224,-54.4315257
san luis,38.6280278,-90.1910154
corrientes,-28.991123,-57.812560597566716
chaco,-26.3829647,-60.8816092
formosa,23.5983227,120.83537694479215
cheyenne,41.139981,-104.820246
minn.,45.9896587,-94.6113288
minnesota,45.9896587,-94.6113288
braintree,42.2205956,-71.0041229
hector,35.4683154,-92.9750046
tigrel,39.8505922,32.8214528
kern county,35.3145701,-118.753822
montgomery county,30.301949,-95.5065944
tarpon,37.1859416,-82.3512574
byelorussia,53.4250605,27.6971358
oshawa,43.8975558,-78.8635324
salt lake city
division,40.716926,-111.8756016
wyoming,43.1700264,-107.568534
bedford,40.0271453,-78.5237447
massachusetts,42.3788774,-72.032366
the new bedford,30.0829479,-90.4780746
liverpool,53.4071991,-2.99168
middletown,41.5623178,-72.6509061
davison,43.6660467,-98.1383168
brooklyn,40.6526006,-73.9497211
encino,34.1591324,-118.5016166
harbor city,33.7911012,-118.3012604
woodlands,54.3558467,-115.2252675
madison,43.074761,-89.3837613
norris
city,37.9811576,-88.3292104
ft.,51.5773212,7.924005706788532
salem,44.9391565,-123.033121
ore.,43.9792797,-120.737257
va.,45.839720299999996,8.754133838056571
basking,40.7064088,-74.5492725
virginia beach,36.8529841,-75.9774183
mobile,30.6913462,-88.0437509
muskogee,35.6630196,-95.3927706
okla.,34.9550817,-97.2684063
nassau,25.0782266,-77.3383438
bahamas,24.7736546,-78.0000547
pennsauken,39.9562238,-75.0579502
d.c.,31.8683534,-102.3967045
kirnan,43.086171,-76.1850542
aqazadeh,36.6930556,57.7722222
the middle east,35.8696053,-84.1210495
h.r.s.,34.9796445,-101.921657
mon valley,27.5934521,91.8725759
greene county,39.3573664,-90.3898985
bb-plus,3.180925,101.5991014
harrison county,32.5233959,-94.3982158
las vegas,36.1672559,-115.148516
mombasa,-4.05052,39.667169
piedmont,45.060735,7.923549
windsor,51.4837886,-0.6040418665032687
vienna,48.2083537,16.3725042
gardena,33.8963593,-118.3053037
chester,53.1908873,-2.8908955
windsor colo.,40.4774818,-104.901361
riverside,33.7219991,-116.0372472
gilman,41.8796611,-92.787469
nebr.,41.7370229,-99.5873816
olympia,37.638250299999996,21.630566024011667
tucson,32.2228765,-110.974847
ariz.,34.395342,-111.763275
wellesley,42.2964859,-71.2925571
eg,56.1787643,10.4249793
claymont,39.8006685,-75.4596404
west berlin,44.0742673,-64.5827869
venice,45.4371908,12.3345898
west
berlin,44.0742673,-64.5827869
norwich,52.6285576,1.2923954
new york state,43.1561681,-75.8449946
yardley,40.245664,-74.8459972
east coast,-38.1532287,178.1367523749267
west coast,-42.5638896,171.45233400435404
midwest,43.411391,-106.280075
st. louis,38.6280278,-90.1910154
hallmark,34.0518167,-81.1664849
charles city,37.3705777,-77.0605098
topeka,39.049011,-95.677556
kanata,61.0666922,-107.991707
toluca,19.292545,-99.6569007
beaumont,30.0860459,-94.1018461
gulf states,-7.5556411,144.8850036
paramaribo,5.8241764499999995,-55.16628130970069
surinam,4.1413025,-56.0771187
suriname,4.1413025,-56.0771187
abidjan,5.320357,-4.016107
ivory coast's,5.3330607,-3.9973322
ivory-coast,7.9897371,-5.5679458
kurdistan,35.672803,47.0124376
guangxi,24.0,109.0
sichuan,30.5000001,102.4999999
hunan,27.6662087,111.7487063
shanxi,37.0,112.0
yangtze,30.5641456,114.2917049
west
virginia,38.4758406,-80.8408415
papua new guinea's,38.9028314,-77.0423757
boddington,-32.792141,116.42105817633359
the northern territory,-12.4667542,130.84397954493778
gympie,-26.1900447,152.6600256
queensland,-22.1646782,144.5844903
klagenfurt,46.623943,14.3075976
japan-,36.5748441,139.2394179
new york plaza,3.8988298,11.544879
plaza,48.0247697,-101.9604636
keating,41.2589533,-77.904161
the netherlands,52.24764975,5.541246849406163
new delhi,28.6138954,77.2090057
the cayman islands,19.295260149999997,-81.38322155
cayman-islands,19.703182249999998,-79.9174627243246
belgium/luxembourg,49.96379985,5.439803941614714
papua new guinea,-5.6816069,144.2489081
papua new
guinean,14.5534466,121.0189837
papua-new-guinea,-5.6816069,144.2489081
wallis,52.2928116,-3.73893
abu dhabi,24.4538352,54.3774014
united arab emirates',24.0002488,53.9994829
kiel,54.3227085,10.135555
honolulu,21.304547,-157.855676
istanbul,41.0766019,29.052495
lansing,42.7337712,-84.5553805
mich,43.6211955,-84.6824346
ventspils,57.3903918,21.5635991
antofagasta,-23.6041314,-69.0842783
chuquicamata,-32.8258643,-70.6063999
calama,-22.4623917,-68.9272181
arica,-18.4785288,-70.3211394
dar es salaam,-6.8160837,39.2803583
tanga,-19.9160819,-175.202642
mount kilimanjaro,33.841099,-117.5667274
lake victoria,-1.265906,32.86849590594538
lake
tanganyika,-6.0789144,29.46966321973214
burundi,-3.426449,29.9324519
the middle
east,35.8696053,-84.1210495
neutral zone,43.6914083,-70.4611692
bonny,4.5057810499999995,7.203465952746459
gabon,-0.8999695,11.6899699
bethlehem,31.7043556,35.2061876
the city of quebec,-33.7976331,151.1546426
anatolia,39.0,32.0
the black
sea,43.15799335,40.34292657652522
ataturk,40.6158371,43.1081218
lake
tanganyika,-6.0789144,29.46966321973214
woodbridge,52.0941323,1.3199383
the asia society,22.2754639,114.16545922449244
princeville,40.9297591,-89.7576022
paradise hills,32.6783865,-117.0569728
adbul,34.0114048,71.5828026
secaucus,40.7899291,-74.0566735
the united
states,47.830324,-122.597908
the north
sea,53.807922899999994,-1.6605354963206316
kinross,41.4607215,-91.9865956
rocky,-14.7277778,144.7758333
munich,48.1371079,11.5753822
the united
states,47.830324,-122.597908
morton,37.1960735,-101.8099541
thiokol,39.610416,-75.86484
circuit city,4.2085389,73.5423442
miss.,32.9715285,-89.7348497
mississauga,43.5896231,-79.6443879
capitol hill,38.8890009,-77.0002537
eindhoven,51.44855695,5.450122521857143
boliden,64.8671772,20.3835784
dighton,38.4819612,-100.467084
marlton,39.9005585,-74.93389105589023
bala,52.9112205,-3.59947
****rio,-22.9110137,-43.2093727
volksbank,51.0625817,13.7477073
eden prairie,44.8546856,-93.470786
san francico,18.6377048,-95.5186112926639
tontitown,36.1778565,-94.2335396
tokheim,60.0851429,6.5283866
ellenville,41.7170379,-74.39571
mankato,44.1634663,-93.9993505
los angeles county,34.3155072,-118.209681
sri lanka,7.5554942,80.7137847
stillwater,36.1156306,-97.0585717
spokane,47.6571934,-117.42351
rigolleau,-34.76619385,-58.20723189584612
****london,51.5074456,-0.1277653
new
york,40.7127281,-74.0060152
drew,33.5716907,-91.7160969
edison,40.518157,-74.4113926
suez,29.974498,32.537086
fairmont,43.6521775,-94.4610832
evanston,42.0470043,-87.6846053
jordan,32.3635964,35.561242
walnut,34.0202894,-117.8653386
totowa,40.9050988,-74.2098679
calabasas,34.1446643,-118.644097
strasbourg,48.584614,7.7507127
societe,45.421351349999995,-75.69996970195123
east-germany,48.9601408,9.1301455
canary islands,28.286398900000002,-16.796011808910734
afghanistan,33.7680065,66.2385139
kabul,34.5260109,69.1776838
wilzig,42.13047415,-73.70955587562761
tempe,33.4255117,-111.940016
enzon,40.554828,-74.4193202
federal,-51.5947901,-72.2199787
malvern,52.1159559,-2.3258985
antioch,38.0049214,-121.805789
chatsworth,42.9156667,-96.5159408
cypress,29.9691116,-95.6971686
woodridge,41.7563344,-88.045559
leominster,42.5267443,-71.7614891
largo,27.9094665,-82.7873244
paradyne,-43.5453667,172.5542165
scotland,56.7861112,-4.1140518
vail,39.6440207,-106.3801669
los angeles international airport,33.94216754999999,-118.42135906141587
sacramento,38.5810606,-121.493895
wilkes-barre,41.2464824,-75.8817316
rabat,34.02236,-6.8340222
sudan,10.9,6.5
somalia,8.3676771,49.083416
westlake,32.991226,-97.1943701
sao,12.2579231,14.8116302
rio de janeiro,-22.9110137,-43.2093727
santos,-23.9335988,-46.3286399
westwood,34.0668947,-118.439944
newtown,52.5135785,-3.314371
tel aviv,32.0852997,34.7818064
the united
states,47.8281626,-122.598365
the united states',47.8281626,-122.598365
bakersfield,35.3738712,-119.0194639
silver,53.1777311,-7.7253406
wolfsburg,52.4205588,10.7861682
the far east,53.847776,-8.9626357
yellowknife,62.4540807,-114.377385
northwest territories,65.0000004,-118.0
the east coast,41.88721135,-87.61861075132671
moulinex,43.2715002,-2.0426306
opec,40.8842802,14.4558789
havana,23.135305,-82.3589631
camaguey,21.3791765,-77.9183681
las tunas,21.08870445,-76.81216477200348
lakeland,28.0394654,-81.9498042
lonview,37.1635279,-82.7444954
marion,32.7931661,-94.344488
pearl river,30.7761604,-89.5984726
counties,44.6992336,-75.8757979
pearl river county,30.7761604,-89.5984726
pike county,39.6108707,-90.8538306
ky.,37.5726028,-85.1551411
pleasantville,41.3867741,-93.2694768
carlstadt,40.8403778,-74.0906974
hammond,41.6173959,-87.5220108
republic of venezuela,8.0018709,-66.1109318
danbury,41.394817,-73.4540111
lufkin,31.3386242,-94.7288558
orlando,28.5421109,-81.3790304
holt,40.0989571,-95.2134565
winston,33.0603103,-89.0495278
fairbury,40.137225,-97.180591
ill,40.0796606,-89.4337288
la jolla,32.8401623,-117.2740777
la mesa,32.7678288,-117.0230839
san juan
capistrano,33.5016932,-117.6625509
lynnwood,47.8278656,-122.3053932
high,33.6123265,-95.747185
duquesne,40.3814581,-79.8597708
conn,41.6500201,-72.7342163
o'hara township,40.5183146,-79.9240003
sanger,33.3631706,-97.1739028
deerfield
beach,26.318342,-80.0996306
palm
beach,26.6279798,-80.4494174
natchez,31.5604076,-91.403171
scotsdale,38.3991074,-90.5873163
montgomery,32.3669656,-86.3006485
monroeville,40.4211798,-79.7881025
arkansas,35.2048883,-92.4479108
chandler,33.3062031,-111.841185
alpha,40.6670439,-75.1573972
dover,51.1251275,1.3134228
dakota
city,42.7212439,-94.2013744
nebraska,41.7370229,-99.5873816
greeley,38.4570355,-101.8185007
monfort,43.7952778,0.8247222
saudi arabia    4.9,14.484665,121.0182096
vermont,44.5990718,-72.5002608
far east,7.00194225,-9.468326367917118
isthmus,35.997722,-84.158114
saddlebrook,33.5378822,-86.6555425
mercantil,-35.4296029,-60.8890502
costa rica's,-31.7798995,-60.8460611
quito,-0.2201641,-78.5123274
marietta,33.9528472,-84.5496148
borealis,58.083255050000005,11.822235972736713
the northwest territories,69.4508641,-133.0367938
southern district,-24.7998688,24.5800692
instrumentarium,62.7066035,25.257959
armonk,41.1264847,-73.7139777
south louisiana,32.9016393,-93.7047546
lansdale,40.2414952,-75.2837862
vernon,49.0932008,1.4857205
danvers,42.566751,-70.9368313
southwest,5.0577606,9.2289407
springdale,36.1867442,-94.1288142
suffern,41.1151372,-74.1493948
pretoria,-25.7459277,28.1879101
peabody,42.5278731,-70.9286609
rhine,50.4677626,7.351989
hackensack,40.8871438,-74.0410865
new
york,40.7127281,-74.0060152
scandinavia,44.4616446,-89.1492785
bergen,60.3943055,5.3259192
gothenburg,57.7072326,11.9670171
norway,64.5731537,11.52803643954819
du quebec,25.21458195,55.146431291313306
fermenta,42.37287,14.1435634
elba,42.790216599999994,10.340278678735025
evans city,40.7692321,-80.062838
lybrand,40.3167271,-83.2371387
orphan,30.081459,-98.445407
the mississippi river,43.2028519,-2.8953423
quincy,42.2509914,-71.0037374
mid-mississippi river,37.2835379,-89.468288
la grange,47.2820623,6.6655859
crystal,45.031823,-93.3606072
el salado,-2.9279919999999997,-78.92593957609861
aguarico,-0.9846231999999999,-75.98915334608697
wall,50.3110494,16.1810799
jamestown,37.2089184,-76.7783003
glenview,38.3084193,-85.6505526
british virgin,18.4024395,-64.5661642
tipperary,52.68482145,-7.898147186112796
new
york,40.7127281,-74.0060152
murray,34.7851861,-84.7352262
san jose,37.3361663,-121.890591
springville,42.0602077,-91.4433793
ghana,8.0300284,-1.0800271
teberebie,5.2924991,-2.025253
harrisburg,40.2663107,-76.8861122
new holland,40.1847671,-89.580938
annapolis,38.9786401,-76.492786
the u.s. gulf,29.4646957,-95.0901031
the far
east,53.847776,-8.9626357
south florida,37.1677128,-94.8464256
brooksville,28.5552719,-82.3878709
mendoza,-34.787093049999996,-68.43818677312292
central time,54.9741602,-1.6188565850492054
el centro,32.792,-115.563051
mcfarlane,51.64147855,-1.8559684823215132
curacao,12.1176488,-68.9309263
united coal,32.7020408,116.87625186759786
carling,49.1682805,6.7181281
vlissingen,51.49433865,3.415005767601362
zeebrugge,51.3312211,3.207561
new orleans,29.9759983,-90.0782127
sao paulo,-23.5506507,-46.6333824
sao
paulo,-23.5506507,-46.6333824
parana,-24.4842187,-51.8148872
camden,39.9448402,-75.1198911
ardsley,41.0106531,-73.8437452
farmingdale,40.7328811,-73.4458564
culver,38.970836,-97.758927
lowell,42.6414437,-71.3085329
whitehall,51.5023278,-0.1260912
u.s./canadian,47.557253,-52.70648793882843
latham,39.9686517,-89.1623092
foxboro,46.4985528,-92.2879727
paraguay,-23.3165935,-58.1693445
stangeland,59.9966048,5.0894496
skokie,42.0262972,-87.7521069
new
york,40.7127281,-74.0060152
new
york,40.7127281,-74.0060152
aurora,41.7571701,-88.3147539
northern
district of illinois,14.7021498,121.0046657
decker,38.5189362,-87.5230775
lafayette,29.9978185,-83.2221527
pickerington,39.8842304,-82.7535049
the united
states,47.8281626,-122.598365
saskatchewan,55.5321257,-106.141224
fort
lauderdale,26.1223084,-80.1433786
fort
lauderdale,26.1223084,-80.1433786
glendale,34.1469416,-118.2478471
scottsville,32.5404281,-94.2382471
park,39.1089299,-105.7561639
the united
states,47.8281626,-122.598365
muellheim,47.808864150000005,7.611690913428795
west flanders,51.04047465,2.9994213387887116
excelsior,50.5004026,-107.4331242
resende,-22.4683626,-44.4463494
costa mesa,33.6633386,-117.903317
south bay,26.6639559,-80.7161701
the pacific ocean,33.7657368,-118.1820791092739
the black sea,43.0842484,40.8091903
empress of ireland,48.517215,-68.46866692563253
the st lawrence,52.24778525,-1.3231142478512479
the kingdom,43.1139558,-76.3960453
chandigarh,30.7334421,76.7797143
roro,9.704916,19.0750213
adana,37.1438001,35.4984094
kirkuk,35.4719308,44.3953896
mediterranean,53.8660523,27.553101927862837
saboya,45.494895150000005,6.384660381375652
brisbane,-27.4689682,153.0234991
the soviet
union,44.423953,34.0547074
kuznetsky,50.4281934,30.51309155164257
misima island,-10.6641058,152.73408218707027
chiyoda,35.6938097,139.7532163
the south china sea,20.7013335,116.7289931
south bay savings,38.91472175,-120.00638065
south bay s,22.22614125,114.19635429574222
boxborough,42.4827512,-71.5142726
new jersey casino,40.0987986,-74.22873393614654
new
jersey,40.0757384,-74.4041622
roy,41.1715361,-112.0273739
jeddah,21.5810088,39.1653612
riyadh,24.638916,46.7160104
feburary,23.9712442,120.9635256
san
francisco,37.7790262,-122.419906
the sea of,56.938046400000005,-6.886150701977918
marmara,40.5861532,27.5567792
san diego's,-33.0185204,-60.609076
waynesboro,38.0686668,-78.8893999
dalton,46.173849,-95.915609
gaithersburg,39.1399187,-77.1929215
the united
states,47.8281626,-122.598365
wonnacott,51.6735598,-0.0379098
buy america,35.479471649999994,-97.5298246067174
los
angeles,34.0536909,-118.242766
imatron,-29.1760239,-51.207289
resorts,16.2890917,99.6979154
hall,34.5036637,-100.6536777
greeneville,36.1631575,-82.8309861
lasalle,41.3474892,-88.9011861
chattanooga,35.0457219,-85.3094883
summit,41.1457902,-81.5333603
erie,42.1294712,-80.0852695
huron,41.1305303,-82.591828
lake michigan,43.85544805,-87.08197544688093
montana,47.3752671,-109.638757
pacific coast,33.80473485,-118.06351735
deleware,39.440488,-91.653551
carolinas,14.9350998,145.6391962
st.
john's,47.5614705,-52.7126162
hibernia,53.429500000000004,-8.1227484875
terra nova,60.2246684,25.12726308225769
east flank,51.4759904,0.0604301
kingdom of sweden,59.3345253,18.1078669
charan,-4.5496287,-79.6212733
elizabeth,40.6639916,-74.2107006
woodcliff,32.7407218,-81.7631672
lauderhill,26.157597600000003,-80.22537761054471
angola,-11.8775768,17.5691241
cherry,42.5560174,-101.1503042
lousiana,9.4198802,-74.2301547
towbin,40.052534,-74.188018
taylor,32.2793121,-99.8812612
new haven,41.3082138,-72.9250518
w. va.,38.4758406,-80.8408415
covington,31.196549,-86.4597236
oak hill,39.24656375,-97.34284800780038
guetersloh,51.9063997,8.3782078
south
east,-24.9902332,25.726402352052464
downers,43.4004293,-72.5147646
bramalea,43.70139,-79.6919794
the united
states,47.8281626,-122.598365
herndon,39.909726,-100.785153
peninsular,42.787091,-83.258503
krefeld,51.3331205,6.5623343
north rhine-westphalia,51.4789205,7.5543751
oglethorpe,33.8702684,-83.1049381
shawnee,39.0273676,-95.7627535
chillicothe,39.3331197,-82.9824019
new england,44.2057083,-70.75378387447887
luna,42.1675205,-0.9325526
norrkoping,58.5909124,16.1903511
new york grain,40.669296450000004,-74.00645467417121
us gulf,29.9665252,-85.2175889
thulin,50.4292832,3.7393229
norcross,33.9412127,-84.2135309
teaneck,40.8860164,-74.0072568
new york/montreal,40.5636273,-74.1327458
rahway,40.6081591,-74.2776468
allegheny,40.4597204,-79.9760405
bothan,53.5438026,-9.5002029
zaandam,52.4424926,4.8298607
menlo park,37.4519671,-122.177992
san antonio,29.4246002,-98.4951405
south-east,-24.9902332,25.726402352052464
elmsford,41.0550969,-73.8201338
ark.,35.2048883,-92.4479108
c,61.1536994,10.4131265
wakefield,53.6829541,-1.4967286
monterey park,34.051522,-118.129807
landover,38.9340002,-76.8966397
hope,33.6670616,-93.5915665
unilever united states,41.690209100000004,-87.50960833521836
napo,-0.7626471,-77.9701878
balao,-2.88525165,-79.71804984282286
napo
province,-2.04955475,-74.53492006243528
the canary islands,50.8452559,4.3780333
southern michigan,42.508090300000006,-83.85484683219796
menlo,41.5199394,-94.4048002
the united
states,47.8281626,-122.598365
west
germany,50.0980486,8.546222066188694
west
germany,50.0980486,8.546222066188694
hunt valley,39.4922608,-76.6589528
almaden,-17.422809,144.6478726166868
modular,54.9256658,-1.618131
medford,42.4184296,-71.1061639
south china,44.3956249,-69.5711544
floral,37.350919,-96.9206302
chesnut,41.603708,-83.794103
greb,44.0234612,17.9488632
napo province,-2.04955475,-74.53492006243528
greewich,31.9456257,-81.2980222
far hills,40.684268,-74.6357148
koether,30.216382,-96.725117
montvale,41.0467635,-74.0229173
new york air,27.7119433,85.3120323
edmonton,53.5462055,-113.491241
lavalin,36.76173275,3.017262444235624
fort worth,32.753177,-97.3327459
warburg,51.4886533,9.1488385
durango,24.833333,-104.833333
mexico
city,19.4326296,-99.1331785
puerto vallarta,20.6407176,-105.220306
cancun,21.1617854,-86.8510468
acapulco,16.8680495,-99.8940182
guangdong,23.1357694,113.1982688
fujian,26.193218,118.2208721
hainan island,19.1602864,109.62889143756746
wenzhou,27.9963899,120.695345
zhejiang,29.0000001,119.9999999
brunei,4.4137155,114.5653908
meixian county,28.8469603,113.602575
henan,34.0000001,113.9999999
shaanxi,35.5895959,109.3013107
gansu,38.0000001,101.9999999
hebei,39.0000001,116.0
south) korea's,36.9643355,126.9984173
iraqi,33.0955793,44.1749775
tripoli,32.896672,13.1777923
connecticut,41.6500201,-72.7342163
sunderland,54.9058512,-1.3828727
bluebird,45.48922745,-122.868743544317
hanover,52.3744779,9.7385532
chittagong,22.333778,91.8344348
the kingdom of norway,52.50911385,13.350415850187895
<county
ltd,47.6521561,-122.3552217
south
korea,36.638392,127.6961188
west
germany,50.0980486,8.546222066188694
the people's republic of china,22.46920435,113.99934706223979
the southern hemisphere,48.25962725,11.67132889592557
hokkaido,43.4519831,142.8197834
fukuoka,33.6251241,130.6180016
bochum,51.4818111,7.2196635
a.s.,51.8929338,14.1611038
kuranari,33.459139,131.51307
bno.to,55.890326,-3.3377968
patricio,-8.8210438,13.2868243
quevedo,40.4331809,-3.7044934
tel,1.3421178,103.8393404
the united
states,47.8281626,-122.598365
atlantic coast,50.2119308,-5.3899093
north dakota,47.6201461,-100.540737
kerridge,53.2895424,-2.0982757
gaspar,-26.9307306,-48.9566824
hong
kong,22.350627,114.1849161
prague,50.0874654,14.4212535
huangpu,31.2335925,121.479864
the united arab,38.9449546,-77.06925771192749
clayton,33.5204959,-84.3591713
south dakota,44.6471761,-100.348761
southland,-45.92542665,167.60684826776085
bluff,-46.59882,168.3433685
otago province,-14.9429983,28.1125889
auburn,32.6098566,-85.4807825
winchester,51.0612766,-1.3131692
the united
kingdom,52.45777545,-1.869209938214711
mcneil,33.3479029,-93.2098897
essen,51.4582235,7.0158171
red,16.9976544,74.1490888
systems,48.8303245,2.2659600397046527
elgin,42.03726,-88.2810994
towson,39.4018513,-76.6023803
montana city,46.540855,-111.946345
<ash,26.837359,80.9097954
wirsbo,59.8783634,16.077476
bohemia,40.7694091,-73.1148664
gainesville,29.6519684,-82.3249846
new jersery,40.9727612,-74.270913
sigma,11.4211672,122.6658275
uniondale,40.7095827,-73.592341
cresskill,40.9414874,-73.9593041
tarboro,35.8968236,-77.5358049
corum,40.5491496,34.9602453
littleton,39.613321,-105.016649
scotch,37.6471718,-83.6758825
kaduna,10.3825318,7.8533226
kafanchan,9.58519,8.2926136
woburn,42.4792618,-71.1522766
kinburn,45.3917725,-76.1883413
mannheim,49.4892913,8.4673098
osaka,34.6198813,135.490357
m-4,55.859462050000005,14.23682434389304
allentown,40.6022059,-75.4712794
northvale,41.0066649,-73.9490627
las
vegas,36.1672559,-115.148516
san
antonio,29.4246002,-98.4951405
jerusalem,31.78847185,35.21879441094499
den,39.8606676,-104.68536732610298
b.a.,49.4320207,11.0589867
van lanschot,50.8212899,3.2636046
missouri,38.7604815,-92.5617875
eastern europe,50.26590325,18.69757619439062
waterbury,41.5538091,-73.0438362
kenilworth,42.0894728,-87.7149295
seaforth,44.4771797,-95.3263923
green,37.2433976,-85.5346302
madera,32.751750099999995,-16.98174865726062
chadds,52.1934262,-1.7059319
bloomfield,40.7510398,-92.4143872
longmont,40.1672117,-105.101928
utrecht,52.0907006,5.1215634
greene,39.3573664,-90.3898985
river oaks,32.7770737,-97.394463
seizer,47.4207904,14.9310717
phillips,40.5888329,-102.3701723
naperville,41.7728699,-88.1479278
woodland,38.6786109,-121.7733285
hialeah,25.8575963,-80.2781057
sandusky,41.2951563,-83.1555438
greenwhich,14.618942749999999,121.00243371894945
ratzeburg,53.7011061,10.774288
albania,1.2315264,-75.89204331320687
east germany,48.9601408,9.1301455
lake buena vista,28.38034955,-81.5297578369267
southern california,33.9510011,-118.2062682
st. petersburg,59.938732,30.316229
brilliant,34.0253797,-87.7583574
new
mexico,34.5802074,-105.996047
palo
verde unit,33.3903605,-112.86205233336945
palo verde,33.3487145,-112.6774657
split,43.5116383,16.4399659
the pacific rim's,42.2455401,-71.1321278
quinn,43.9880447,-102.126266
ronkonkoma,40.803529,-73.124548
meridian,32.3643098,-88.703656
amman,31.9515694,35.9239625
nra,39.369933,-120.233522
clifton,40.8584328,-74.1637553
andes,5.627871750000001,-75.94516744951865
feretti,35.8975232,14.4405949
reston,38.9583737,-77.3579805
rio de
janeiro,-22.9110137,-43.2093727
bulgaria,46.7889169,23.6184909
denim,33.6968238,-117.7323441
elyria,41.3673191,-82.1073583
college,43.6606617,-79.3827952
aruba,12.5013629,-69.9618475
nahum,32.9026517,35.5281561
atchison,40.4144817,-95.4359392
kansas city southern,19.3004914,-99.60343500022228
lancaster,40.08067,-76.2411283
santa clara,37.2333253,-121.6846349
lucente,41.8524134,14.1640817
monroe,38.2722313,-90.1792484
mich.,43.6211955,-84.6824346
fermi,45.0759955,7.591176
maynard,42.7738826,-91.8806147
valorem,-17.2512735,-46.787351970857145
carlin,40.7182662,-116.1072107
sapula,34.649622449999995,-98.69201345175003
newfoundland,49.12120935,-56.64031114082073
prince edward
island,46.3355508,-63.1466676
new brunswick,46.500283,-66.750183
manitoba,55.001251,-97.001038
raritan,40.6958732,-90.8273591
vista,33.2000368,-117.2425355
la
pampa,-37.2314643,-65.3972948
intermediate,35.6254071,-78.9220796
walwyn,53.303905,0.2588111
river,51.1410065,1.2748110678641456
harcourt,49.1668691,0.7857071
hartsfield,31.2168507,-83.9760101
new york-laguardia,40.7757145,-73.87336398511545
new york-j.f. kennedy,41.8287881,-74.1225148
st.
louis,38.6280278,-90.1910154
washington-dulles,38.95226625,-77.4534849116007
montreal city,45.5031824,-73.5698065
siberia,5.8916828500000005,-75.93007322394297
kazakhstan,48.1012954,66.7780818
paradise valley,33.5428006,-111.9556001
the united
states,47.830324,-122.597908
canary islands 500,27.7501006,-15.597537698197801
stoughton,42.9167389,-89.2178997
the united
states,47.830324,-122.597908
guayaquil,-2.1900563,-79.8868741
huai,15.78922,104.9451079
anhui,32.0,117.0
yellow sea,36.0000002,123.9999998
shenzhen,22.5445741,114.0545429
jinan,36.6507007,117.1140042
the united
states,47.830324,-122.597908
leonora,-28.416227,121.00299304273261
south australia,-30.5343665,135.6301212
western australia,-25.2303005,121.0187246
new south wales,-31.8759835,147.2869493
tasmania,-42.035067,146.6366887
rio de
janeiro,-22.9110137,-43.2093727
the channel island,45.3018494,-80.0478859
argyll,53.5024174,-113.461132
negara,-24.7761086,134.755
north
america,51.0000002,-109.0
australasia,-30.0000769,139.9998196
ericsson,50.8400881,4.3722797
middle east,39.3014159,-76.5888477
the kingdom of belgium,50.8100289,4.381943493108523
suisse,46.7985624,8.2319736
oslo,59.9133301,10.7389701
airline,29.8903337,-95.3943036
monod,45.9145813,6.0694102
metropole,43.7409352,7.4279184
north queensland,45.0369586,-93.5075355
svenska,12.83935845,77.65922135190596
morioka,39.7021331,141.1545397
suffolk,52.241001350000005,1.0466830312565236
baird,32.3946111,-99.3963478
sroka,51.1744885,17.1950757
watsonville,36.9092773,-121.7529071
the unites states,46.0527213,14.482356804298622
oberhausen,51.4696137,6.8514435
arabian sea,24.9458452,66.6929336
naugatuck,41.4860186,-73.0509432
yuzixi,28.8671909,105.4870442
sumatra nepal,27.7288013,85.3177046
bengal,39.4735045,-85.9228997
mexico city,19.4326296,-99.1331785
long beach,33.7690164,-118.191604
lampang,18.6799728,99.7332501
lincoln,40.8088861,-96.7077751
long
beach,33.7690164,-118.191604
capital spa,33.9866475,-81.0284708
capital,48.455818,-123.4733796
tartous,34.9189139,36.0471336
pasco county,28.2996183,-82.4522702
groveland,28.5602149,-81.8561226
lemont,41.6737149,-88.0016263
harahan,29.9404826,-90.2031313
mustang,35.384227,-97.7244813
arguello,44.58274,8.11084
concord,43.207178,-71.537476
luray,48.7201659,1.3972981
sauget,38.590186,-90.1692755
bethesda,38.9846816,-77.0942447
germantown,38.5538072,-89.5382505
namibia,-23.2335499,17.3231107
landcaster,31.81924,-105.9459211
newmarket,52.2443103,0.4065503
plymouth,50.3714122,-4.1424451
livingston,40.8682487,-88.5631125
naarden,52.2957628,5.1633636
newmont,40.722922,-116.11264
magma,33.1317239,-111.4992935
great britain,54.3151594,-1.9181532111487878
chatham,35.7151316,-79.2533035
new
york,40.7127281,-74.0060152
province of saskatchewan,52.9744665,-108.64093648980807
dodgeville,42.9600059,-90.1304461
orange,33.7500378,-117.8704931
newton,30.8118989,-93.740504
iskenderun,36.5902266,36.1710354
hopkins,33.1368252,-95.5656578
altavista,6.2274461,-75.63545535116967
huntington,38.4192496,-82.445154
protein,45.497902350000004,20.591725292056275
northern alaska,14.7023004,121.0035346
lakes erie,40.8194252,-105.6249974
tennesse,-33.3869126,-70.5470939
new
zealand,-41.5000831,172.8344077
plant,46.2028017,13.7822094
fort mcmurray,56.7291997,-111.3885221
athabasca,54.7740629,-112.9256435
denton,33.1838787,-97.1413417
harrison,32.5233959,-94.3982158
salisbury,51.0690613,-1.7954134
fort
worth,32.753177,-97.3327459
inra,48.860750949999996,2.306232772354547
cummins,50.6581853,-120.1171143
britannia,55.98214625,-3.1773091732322944
dale,31.3940969,-85.623763
san quirico,42.6685127,11.7636389
lavera,26.379875,74.7842359
eastern seaboard,13.0617289,101.1926979959199
huancayo,-12.068098,-75.2100953
chacapalca,-11.7320543,-75.7567893
holland,52.2434979,5.6343227
granite,46.3944149,-113.4687025
centralia,38.5250491,-89.1334037
decatur,39.8454163,-88.9524151
central,-14.183507,29.0375543
sanchez,35.6272647,-104.4233159
freeport,42.2966861,-89.6212271
poughkeepsie,41.7065539,-73.9283672
lakewood,39.7085736,-105.0846694
dakota city,42.7212439,-94.2013744
burbank,34.1812089,-118.307201
marne-la-vallee,48.8494036,2.6727019475243083
magic kingdom,28.4190753,-81.58171584246976
abilene,32.44645,-99.7475905
farmland,40.1878219,-85.1274677
aloha,45.4942838,-122.867045
kauai,22.050466550000003,-159.55876775017003
everest,39.6772236,-95.4247001
the northern district,38.96954345,-92.37665232239645
systems assurance,38.262709,140.9117916
sterling heights,42.5803122,-83.0302033
jefferson,29.834772,-94.1704496
corona,33.8752945,-117.5664449
lusinchi,7.8696948,-67.4750447
dakota
city,42.7212439,-94.2013744
suffolk county,40.8832318,-72.8578027
del rio,29.357515,-100.8987707
olney,33.3711244,-98.7566946
saudi
arabia,25.6242618,42.3528328
griggs,47.4473179,-98.2616158
cannon,35.8044159,-86.0512075
haddonfield,39.8915022,-75.0376707
adelaide,-34.9281805,138.5999312
buchheit,39.00605805,-94.27023899296584
bryn,59.9083093,10.8186944
flumar,33.0223945,-96.6300962
laredo,27.5030915,-99.5075644
san
francisco examiner,37.780132,-122.4793041
yunnan,25.0,102.0
wiesbaden,50.0820384,8.2416556
hong
kong,22.350627,114.1849161
media,40.7750395,-90.8320824
fiji,-18.1239696,179.0122737
the isle of man,54.15057135,-4.482446676634384
the west
coast,53.5265333,-113.4884667
lukang,24.05415705,120.43616555605597
silicon valley,37.4429964,-122.1545229
southeast asia,-8.7287308,115.2365646
kampuchea,50.8447118,4.4164799
xinjiang,42.4804953,85.4633464
schweizerhalle,47.5297671,7.6753162
khartoum,15.5635972,32.5349123
dbs,1.2951505,103.8598741
oss,51.778354199999995,5.532083610932192
rangoon,16.7967129,96.1609916
burma,48.9370618,72.8337335
the south-west,52.0740244,23.7133779
toulouse,43.6044622,1.4442469
tacoma,47.2455013,-122.438329
moonachie,40.8412112,-74.0451405
rosemead,34.0676169,-118.0879763
landings,35.969507,-86.8261114
panola county,32.1367712,-94.3130073
barcelona,41.3828939,2.1774322
new
jersey,40.0757384,-74.4041622
fort lee,40.8509333,-73.9701382
new
zealand's,-36.8401002,174.7467458
new century,44.91556865,-92.98668091107342
scientific,31.5212326,34.436322
brunswick,34.0718195,-78.1914215
peapack,40.7087982,-74.6583872
century,30.9732384,-87.2638628
maastricht,50.85798545,5.6969881818221095
kisumu,-0.1029109,34.7541761
malaba,0.6055481,34.1754439
ugandan,0.4233816,33.2069035
jinja,0.57515665,33.28052985775423
alusuisse,46.31188845,7.756828501381335
branford,41.2795414,-72.8150989
paterson,40.9167654,-74.171811
port-au-prince,18.547327,-72.3395928
haiti,19.1399952,-72.3570972
gonaives,19.4460597,-72.6884336
camp,32.9723128,-94.9852858
hebron,31.528902,35.0944873
darien,41.0787079,-73.4692873
western
europe,53.8608204,27.550831542100035
sierra-leone,8.6400349,-11.8400269
grava,44.9812718,8.761786
confindustria,41.835668150000004,12.463957774545047
southdown,51.8071571,-0.3423293
iselin,40.5724913,-74.316325
central jersey,40.7072468,-74.03516222451263
middlesex,51.546055800000005,-0.2537791389340719
somerset,51.161750850000004,-3.0753867062227487
republic of ireland,52.865196,-7.9794599
andover,45.2332985,-93.2913405
metropolitan,-22.9831448,-43.362847
sikeston,36.876719,-89.5878579
telemedia,49.4179326,8.7584693
great america,37.4066163,-121.9668715
gurnee,42.3702996,-87.9020186
phoenixville,40.1303822,-75.5149128
wasington,38.8950368,-77.0365427
newington,43.100482,-70.834351
monterey,36.2231079,-121.387742
rio de
janeiro,-22.9110137,-43.2093727
rio de,49.42258645,9.447754182333576
chantilly,49.1931736,2.4636686
maitland,-32.7316683,151.5511123
west
germany,50.0980486,8.546222066188694
lago agrio,0.12662655,-76.75759126974856
puerto colon,1.0432108,-69.8498615
pacific ocean,-37.0528171,175.9374645
the pacific
ocean,33.7657368,-118.1820791092739
st.
louis number two,47.81571115,-92.11596120454097
the
soviet union,44.423953,34.0547074
fairchild republic,47.13113665,-122.48303932201247
t-46a,50.6500104,11.078037850000001
long
island,40.85149705,-73.0994258107431
chestnut,40.0536519,-89.1853664
beverly hills,34.0696501,-118.3963062
harleysville,40.2795476,-75.3871206
rockford,42.2713945,-89.093966
the
city of london,51.0251555,0.9965194503013971
ccc,22.461469049999998,-78.33163052799658
melrose,42.4564323,-71.064182
roanake,30.351171,-87.187362
american city,39.8726039,-105.5876192
lyons,41.811108,-87.8232695
kerrville,30.048469,-99.1399464
bar,42.0979745,19.0954528
schaumburg,42.0333608,-88.083406
liberty,30.0856736,-94.7856262
trans-atlantic,44.6643246,-63.2599072
new
york,40.7127281,-74.0060152
new
york,40.7127281,-74.0060152
la electricidad,19.564444,-98.137222
beaver,40.6916624,-80.3709999
creek,35.8830723,-96.3835476
citizens,42.5703159,-71.1111668
saudia arabia,25.6242618,42.3528328
kahan,51.444962,33.819603
saskatoon,52.131802,-106.660767
oak harbour,16.3940726,-86.353498
macao,22.1899448,113.5380454
sisak,45.4891806,16.374592
the bay of baes,44.4158004,-92.0973922
gabes,33.7765032,9.793062965576159
ina,35.830452,137.954916
rampura,21.032816699999998,77.38325342687358
rajasthan,26.8105777,73.7684549
stockton,37.9577016,-121.2907796
zagreb,45.8130967,15.9772795
sambor,49.5182487,23.1969805
campinas,-22.9056391,-47.059564
sao
paulo,-23.5506507,-46.6333824
rio de
janeiro,-22.9110137,-43.2093727
yamani,3.2876483,31.1955643
yamoussoukro,6.8200066,-5.2776034
senegal,14.4750607,-14.4529612
abha,18.2164282,42.5043596
tihamah,15.413169,44.874518
the red sea,11.5577494,43.1404894
the middle
east,35.8696053,-84.1210495
nice,43.7009358,7.2683912
aulnay,46.0205464,-0.347093
brittany,48.2640845,-2.9202408
citroen,43.8135534,25.98036107699392
knowlton,44.7163333,-89.6796932
iringa,-7.5662123,35.07448067667575
mbeya,-8.6131228,33.3341957
rosebay,52.782318,0.4332314
the soviet bank,46.7716489,23.5869525
east bloc,14.22888985,121.05841223776986
central queensland,-27.4658449,153.0258422
ok tedi,-5.6663722,141.1551585
licht,48.5542365,7.5077878
guangdong province,23.1357694,113.1982688
u.k,54.7023545,-3.2765753
the united arab emirates central bank,25.3427607,55.39629381590245
helaba,50.971639,11.0174512
kentucky,37.5726028,-85.1551411
nicosia,35.1746503,33.3638783
cyprus,34.9174159,32.889902651331866
kuala lumpur,3.1516964,101.6942371
antananarivo,-18.9100122,47.5255809
madagascar,-18.9249604,46.4416422
mid-east gulf,36.153787,-85.47712004006435
harbin,45.7593633,126.6276177
tadzhikistan,38.6281733,70.8156541
kulyab,37.9161378,69.7815382
batam island,1.08984455,104.03497427550343
kalimantan,1.4297828,114.74104130383714
bluefield,37.2698395,-81.2223195
non-union,36.943121,-89.086162
palo alto,37.4443293,-122.1598465
northern,9.6600005,-0.3943799
west los angeles,34.0468546,-118.430254
sao
paulo,-23.5506507,-46.6333824
western gear,10.74064015,122.96977169990922
multnomah county,45.5093799,-122.4006413
bloch,50.87769055,7.281816772220498
santa
barbara,34.4221319,-119.702667
santa barbara savings,16.32366715,120.36900500673906
seabright,44.5991015,-63.9202958
hunt,33.1161567,-96.0808922
the smoky river,37.6045602,-0.993408
the united
states,47.830324,-122.597908
the united
states,47.830324,-122.597908
yamaha,-8.67533025,115.20695738919537
guilderland,42.704522,-73.911513
the united
arab emirates,38.9449546,-77.06925771192749
wats,-10.49215905,121.84897265726977
pittsburg,34.9327085,-95.7625858
amstelveen,52.2862177,4.852649259746028
hague,43.745553,-73.498535
bishop,37.363679,-118.39524
the kingdom of denmark's,55.737861300000006,12.570058099899835
the united
states,47.830324,-122.597908
glen oaks,34.4430807,-112.5485052
queens,40.7135078,-73.8283132
langhorne,40.1745538,-74.9226665
banks,34.3378598,-83.4970026
seton,50.8748779,-113.9489154
emeryville,37.8314089,-122.2865266
the united
states,47.830324,-122.597908
central
america,-30.29284845,153.12561585745573
distrigaz.,44.205030550000004,27.311540739165345
baa,4.8806627,72.8532557993765
consul,49.2958798,-109.5186382
southport,53.6475988,-3.0041751
roslyn,40.7998227,-73.6509621
milpitas,37.4332273,-121.8989248
vishay,43.1090857,6.112155818694102
west virginia,38.4758406,-80.8408415
redmond,47.6694141,-122.1238767
south carolina,33.6874388,-80.4363743
midvale,40.6149174,-111.9106607
chapel,40.4344845,-75.545906
ophir,40.36784,-112.26023566059109
montrose,38.4375391,-108.2403855
hot,42.3640833,19.4458318
hamilton,43.2560802,-79.8728583
the kingdom of,43.1139558,-76.3960453
the united
states,47.830324,-122.597908
eugene,44.0505054,-123.0950506
addis,30.3538043,-91.2653865
addis ababa,9.0358287,38.7524127
tesfay,8.5289788,39.2556319
lethbridge,49.6945782,-112.8331033
palo
alto,37.4443293,-122.1598465
west bank,-33.0338889,27.9075
kent,51.20707485,0.7210361813401444
freeman,43.352487,-97.437286
palm beach,26.6279798,-80.4494174
hudson valley,41.31611085,-74.12629189225156
bellevue,47.6144219,-122.192337
chicago heights,41.5062834,-87.6357079
turin,45.0677551,7.6824892
shepherd,30.4979813,-94.9966006
the county of los angeles,33.9630455,-118.2911734
los
angeles,34.0536909,-118.242766
campbell,38.9339799,-84.3715286
rock island,41.4411786,-90.5766144
henley,51.5375786,-0.9050287
morganville,39.466386,-97.20197
northern iraq,31.35926025,41.44322816033465
palatine,42.1105779,-88.0336888
cook,41.8197385,-87.756525
western digital,44.0601717,-92.5095927
palm,40.4281539,-75.5329608
pipestone,44.0270012,-96.2566582
valdosta,30.8327022,-83.2784851
latin america's,27.9380952,-82.43495845608817
latin
america,42.337865949999994,-71.10127414497714
shreveport,32.5135356,-93.7477839
new york harbor,43.0820142,-75.1476612
allergan,37.26573,-121.9574641
ashland,40.7887367,-82.2360391
valvoline,36.550871900000004,-87.40112032360656
westborough,42.2694308,-71.6129907
mansfield,40.75839,-82.5154471
brennan,48.8223321,-122.5623937
shamokin,40.7887609,-76.5585175
central pennsylvania,40.1775714,-79.5850396
new
zealand's,-36.8401002,174.7467458
lacey,47.0263876,-122.8072257
centel,-16.072583,-47.9816269
wyatt,36.9092198,-89.2225721
central district,-21.4790187,26.2154174
croatia,45.3658443,15.6575209
montenegro,-12.6998188,-38.3260762
kosovo,42.5869578,20.9021231
bosnia,44.3053476,17.5961467
mongkok,22.3204156,114.1698105
queenstown,-45.0321923,168.661
rhode island,41.7962409,-71.5992372
bangalore,12.9767936,77.590082
champaign,40.1164841,-88.2430932
harrington,38.9237244,-75.5777033
hangzhou,30.2489634,120.2052342
zhejiang province,29.86750735,121.53636003559093
north korea,40.3736611,127.0870417
north-korea,40.3736611,127.0870417
damascus,33.5130695,36.3095814
beira,-19.828707,34.841782
zambian,-15.4146705,28.359535
m-1b,55.725385149999994,13.4615212
alitalia,-34.7967255,-55.9976166
sardinia,40.0912813,9.0305773
americas,-13.6154418,-73.1349655
persian gulf,27.2380913,51.19723479885998
bu musa,25.87779695,55.03055914021888
leidschendam,52.0861654,4.3946774
billiton,-2.8991634,107.90584441284355
suralco,5.656981,-55.271702063623806
afobakka,4.998416649999999,-54.9920734392675
moengo,5.692277949999999,-54.52192367615239
greenbaum,32.7684676,34.9881896
tulare county,36.2516475,-118.852583
tissot,49.8939998,-97.1068787
mountainside,40.6723242,-74.3573722
takahashi,34.7908975,133.6169111
indian ocean,-9.9999999,69.9999999
the far
east,53.847776,-8.9626357
siedenburg,52.6908059,8.9441274
phelps,37.913292,-91.8168126
goldenbell,39.707021,-86.05065
georgetown,6.8137426,-58.1624465
guyana,4.8417097,-58.6416891
nawara,24.06209165,78.05644627252329
francine,43.5130609,-0.056429
wallingford,51.5982905,-1.1252511
vineland,39.4862777,-75.0254256
st. jude,7.0194172,125.5099589
st. jude
medical,-33.8071946,151.1508582
amarillo,35.2072185,-101.833824
east germany's,38.1329665,-88.7476692
gdr,14.1486686,79.845649
120,50.4471871,30.5229456
brantford,43.1408157,-80.2631733
the
hague,52.07494555,4.2696802205364515
engering,47.9867226,12.4524683
coatesville,39.9831616,-75.8238355
lukens,29.1863544,-83.1351254
nev.,39.5158825,-116.853722
yonkers,40.9312099,-73.8987469
pacific rim,48.80532025,-122.50150980461173
the pacific rim,42.2455401,-71.1321278
washoe county,40.5849048,-119.6131606
valencia,39.4697065,-0.3763353
hightstown,40.269559,-74.5232454
jefferson county,29.834772,-94.1704496
syosset,40.8262101,-73.502068
overland
park,38.9742502,-94.6851702
promedico,4.6318662,-74.0663185
fiarfax,52.70955785,-131.97633420620474
fort
worth,32.753177,-97.3327459
nordic,47.3981351,28.8146489
linz,48.3059078,14.286198
the hague,52.07494555,4.2696802205364515
antwerp,51.2211097,4.3997081
southern europe,53.87160900000001,27.539621740508153
b.f.,-23.0570537,-47.02864640137671
goodrich,30.6054775,-94.9466003
avon,48.4048867,2.7207225
bancroft,43.2930198,-94.2182218
edinburgh,55.9533456,-3.1883749
the southern basin,36.3113872,28.0971172
ntl.to,-35.38703205,173.9427665484968
bootle,53.4506931,-2.9948834
cyclops,-2.5081384,140.5100593
wrexham,53.0465084,-2.9937869
new
york,40.7127281,-74.0060152
leverkusen,51.0324743,6.9881194
oshman,27.6576113,-97.3587168
the west coast,53.5265333,-113.4884667
north china,39.65598775,-84.1566206874168
plain,43.2788776,-90.0437354
jiangsu,33.0000001,119.9999999
jiangxi,28.0,116.0
guanxi,24.792632,121.175891
guandong,31.6268604,116.8782856
santa
catarina,-27.0628367,-51.114965
snowflake,34.5114704,-110.079608
the
united states,47.830324,-122.597908
dalla,24.4514325,83.0456083
sunrise,26.1666888,-80.2787573
saudi
arabia,25.6242618,42.3528328
transvaal,45.7396835,4.8782324
trail,49.0945296,-117.7097659
kimberley,-28.7383012,24.7642251
westford,42.5792583,-71.4378411
meriden,41.5381535,-72.8070435
luzon,15.5380409,120.72890959276387
northern vietnam,3.3359836,32.8529678
w.r.,43.0819439,-72.7167676
the united
states,47.830324,-122.597908
parish,43.406181,-76.125758
harrodsburg,37.762298,-84.8432852
the mount gibson,35.8198448,-88.8038092
alcan,-33.5324877,-70.5630316
mississippi rivers,42.5462514,-90.6486011
kamin,51.2804329,28.8953768
cheverly,38.928167,-76.915807
allegheny beverage,40.5152857,-80.1558866
service america,31.7358873,-89.2237032
lynn lake,56.852727,-101.04538
cumberland,40.1541581,-77.2803933
frost,32.0801526,-96.8066612
dryden,42.4909053,-76.2971553
elkton,39.6065073,-75.8330934
tallahassee,30.4380832,-84.2809332
glasgow,55.861155,-4.2501687
falls,31.2320941,-96.9262126
bridgeport,41.1670412,-73.2048348
latin
america,42.337865949999994,-71.10127414497714
wausau,44.9596017,-89.6298239
taunton,51.0147895,-3.1029086
hyannis,41.6534847,-70.2823732
dakota
city,42.7212439,-94.2013744
transamerican,27.7498713,-97.838404
leahy,47.9190358,-119.3889257
hawkeye,42.9385533,-91.9509636
shinjuku,35.6937632,139.7036319
miyazaki,32.097681,131.294542
kyushu,32.4821145,131.10090131445313
new
york,40.7127281,-74.0060152
ae,39.7837304,-100.445882
flensburg,54.7833021,9.4333264
babcock,31.1081255,-84.63910823002198
baguio,16.4119955,120.593371
stoltenberg,54.3437602,10.3461093
kinshasa,-4.3217055,15.3125974
new
york,40.7127281,-74.0060152
nakasone,26.6845056,127.9775691
kharg,18.4665169,77.5606148
the united,-33.7557167,151.2959912
los
angeles,34.0536909,-118.242766
saint-pierre,48.3832725,7.4718731
kanon,46.0552261,13.5021066
grenada,12.1360374,-61.6904045
mountlake,47.7909667,-122.3066395
rajastan,26.8105777,73.7684549
north west,-19.3893529,23.267951
rochelle,41.9239178,-89.0687074
catto,46.5037955,8.735007
wawa,47.9929283,-84.7740199
nashua,42.7656251,-71.4677032
ferndale,40.5778545,-124.2621147
yamaichi,35.6935515,139.8821387
forest,41.5329762,-79.2640912
sioux city,42.4966815,-96.4058782
pomona,34.0553813,-117.7517496
northfield,44.4582041,-93.161159
newburgh,41.5034271,-74.0104179
okamoto,36.5982887,139.9444191
premark,24.2455689,94.3053791
whiting,42.1275504,-96.1524914
norristown,40.121497,-75.3399048
barrie,44.3893208,-79.6901302
islamabad,33.6938118,73.0651511
west virgina,33.4741296,-112.2900259
neal,38.3567493,-82.5929364
haverhill,42.7777829,-71.0767724
aristech,38.976543050000004,-84.62077982309043
bilbao,43.2630018,-2.9350039
saudi
arabia,25.6242618,42.3528328
parent,45.6235094,3.2294652
trevose,40.1392766,-74.9810019
delray,42.2958716,-83.1165896
petriccioli,42.7377858,11.6615442
the united state's,38.8945036,-77.04847501906156
the gulf of mexico's,30.688459,-88.03756769226746
the united
states,47.830324,-122.597908
crandall,32.6279113,-96.4558196
central and south american,47.51811505,19.07391370009055
the dominican republic's,38.9132162,-77.048481
trinidad-tobago,10.7466905,-61.0840075
tustin,33.7458511,-117.826166
thomson,41.9589158,-90.0992924
fenton,38.5131989,-90.4400578
rhode island's,41.7317015,-71.4287992
dina,30.5200917,75.2368892
bryan,30.6743643,-96.3699632
barberton,41.012833,-81.6051221
northern shell,41.6455569,20.1005472
new
jersey,40.0757384,-74.4041622
the united
states,47.830324,-122.597908
person county,36.3967816,-78.9882995
****washington,38.8950368,-77.0365427
shelton,41.2684927,-73.1737082
siebe,68.8661393,23.142182
hudson,40.7381635,-74.0550731
western pacific,5.630852,-2.0941277
utica,43.1009031,-75.2326641
trenton,40.2203074,-74.7659
laenderbank,47.1381403,11.2956532
southern california's,33.9510011,-118.2062682
imperial valley,30.2752672,-97.6204593
salton sea,33.31522725,-115.7822030174907
macon,32.8406946,-83.6324022
glen,42.8943993,-74.3448668
ocilla,31.5943567,-83.2504328
irwin county,31.5730108,-83.2624513
far
hills,40.684268,-74.6357148
laguna,14.1696476,121.3336526
bp,-36.4644132,147.248803
alhambra,37.176059949999996,-3.5881102773279347
holyoke,42.2071434,-72.60765
sturbridge,42.1082005,-72.0810584
new
haven,41.3082138,-72.9250518
philadephia,46.5919745,0.3346363521126773
new
york,40.7127281,-74.0060152
mineola,40.7492678,-73.6406845
the united
states,47.830324,-122.597908
new
york,40.7127281,-74.0060152
titan,44.4257917,26.162722
space,33.683073949999994,-117.94479783055465
w germany,47.7224841,10.5578766
w europe,53.5779678,23.1067071
santa ana,33.7494951,-117.8732213
north sumatran,41.1081017,-85.1515614
medan,3.5896654,98.6738261
antara,23.21091215,81.36119538514825
transkei,-32.9736,27.9239684
oporto,41.1494512,-8.6107884
a-340,50.0457879,57.346548
pyongyang,39.0167979,125.7473609
saudi
arabia's,20.0003317,41.4669097
mo,44.5384728,10.935960870530739
the republic of austria,48.1987028,16.37446830453592
the asia-pacific,14.5801905,121.06090529043414
south
africa,-28.8166236,24.991639
north shore,-36.7661188,174.7232992
marina,43.5139149,16.1092196
peerless lake,56.6722839,-114.5766621
hopkinton,42.344072,-91.2482814
pawling,41.5618381,-73.6026148
the
united states,47.830324,-122.597908
the gulf,-30.0818,152.1929
lutterbach,47.7599822,7.2813576
ringwood,50.829262299999996,-1.7711280913147434
rio de
janeiro,-22.9110137,-43.2093727
springs,41.0162112,-72.1592444
broomall,39.9815001,-75.3565797
south west,5.3356587,100.2389496
san rafael,37.9747795,-122.5316686
cemax,40.9954491,28.9124848
durham,54.666667,-1.75
the northern plains,47.82461375,-110.66685907258224
bennigan,39.987361,-83.155565
steak,55.9570718,-3.1867391
pillsbury,47.2069306,-97.7906569
bay street,40.8081888,-74.208741
key west grill,33.7166883,-78.8809404
unibus,-30.0571613,-51.1890038551683
methuen,42.7262016,-71.1908924
parma,44.8013678,10.3280833
del monte,7.6040517,125.8888823
orange
county,33.7500378,-117.8704931
greenville,34.851354,-82.3984882
lafox,44.1682,0.70005
new
york,40.7127281,-74.0060152
elkins,38.925927,-79.8466552
hinton,42.626701,-96.2939254
perkasie,40.372048,-75.292676
scranton,41.4086874,-75.6621294
southern ohio,38.8745226,-82.97046894073631
el
monte,34.0751571,-118.036849
latin
america,42.337865949999994,-71.10127414497714
benetton,55.763110499999996,37.56408098600714
ripley,36.6478735,-90.8887906
inkey,32.94114395,-115.22920531791148
hawesville,37.9000554,-86.754988
markham,43.8563707,-79.3376825
kalispell,48.202158,-114.315321
oil,32.71677265,-102.67197587915467
bay,2.9999946,43.500177
stowe,44.4643768,-72.6856197
huckaby,37.7894806,-93.249916
alden,42.5201895,-93.3762693
mid-atlantic,43.16068545,-77.44432795284588
americus,32.0723862,-84.2326876
beggs,35.7425976,-96.0702731
new zealand dollars,-41.2741944,173.284475
mcghee,34.5392715,-89.949534
d.i.,34.3960011,-78.0947164
first city's,37.41711705,-121.95521194619798
bermuda,32.2937417,-64.7815286
the united
states,47.830324,-122.597908
vasteras,59.6110992,16.5463679
flemington,40.5130953,-74.8591333
labouisse,-20.5198872,-54.6563368
baton rouge,30.4494155,-91.1869659
armstrong,34.9295608,-101.3449139
the beaufort sea,32.1507017,-80.7340206
red river,33.571979,-95.0429674
garden city,37.9716898,-100.8726618
n.y,43.1561681,-75.8449946
briarcliff,36.271187,-92.2912926
taft,35.1424671,-119.456507
the southern district,34.044146350000005,-118.24466336743033
clorox,34.0797054,-117.23501099958955
alexanders,-33.8676588,122.7424642
laing,38.0364961,-81.4281664
livonia,42.36837,-83.3527097
the united
states,47.830324,-122.597908
the persian gulf,34.0554039,-118.442059
the arabian sea,13.6842045,74.6457797
straits,34.729051,-76.5710368
teheran,35.6892523,51.3896004
dominican,19.0974031,-70.3028026
west
germany,50.0980486,8.546222066188694
the united
states,47.830324,-122.597908
patagonia,-44.99006975,-70.67343144015169
ningbo,29.8622194,121.6203873
yokohama,35.4443947,139.6367727
kobe,34.6932379,135.1943764
massachussetts,37.5809545,-95.240825
south
korea,36.638392,127.6961188
asia-pacific region's,10.7439416,122.54031739503496
n.z.,52.3709217,4.8301696
mindanao,7.64784075,125.17171313357011
quezon province,15.5536502,120.8101793
harden,53.84274135,-1.8746160370734544
the north atlantic,47.58710515,-52.72006079890048
the united
states,47.830324,-122.597908
los
angeles,34.0536909,-118.242766
572,60.488536,6.828606
fluke,53.168563,8.6218302
philips,-26.04225395,28.10150534398432
handelsblatt,50.1216348,8.6759928
rio de
janeiro,-22.9110137,-43.2093727
arnhem,51.984257,5.9108573
the city of west berlin,-34.0732146,18.5656925
the united
states,47.830324,-122.597908
unterberg,52.277297649999994,16.855942902518983
printon,33.680167,35.4761089
laiohe,43.4455856,121.595012
sidon,33.5618345,35.3780338
fleet,51.2828601,-0.8316334471979006
hailey,43.519629,-114.315325
custer
county,38.1072962,-105.3543375
c.o.m.b.,47.7935525,-93.4014621
baltic,43.760461,-96.7404105
custer county,38.1072962,-105.3543375
stanleytown,6.2317052,-57.5230272
millbury,42.1913817,-71.7603934
usair,40.6039259,-80.3099075
copperbelt,-13.0214171,27.8876177
kitwe,-12.8104186,28.2068361
attleboro,41.9438129,-71.2806515
pendleton,38.6914606,-84.3689142
st.
louis,38.6280278,-90.1910154
vertex,30.435323099999998,-84.31259377454927
computer,50.91225,14.44788
herdon,38.178408,-84.5938319
elmhurst,41.8994745,-87.9403418
baltimore county,39.4445243,-76.6483482
fairfax county,38.8156356,-77.2836849
quebec city,46.8137431,-71.2084061
first city,37.41711705,-121.95521194619798
windom,43.8663464,-95.1169366
vevey,46.4602978,6.8418655
roseland,37.278847,-94.84409135716717
maimi,7.220104,-73.4854425
m3,49.4848107,8.4664148
ouadi
doum,18.379018,20.381583
greenbelt,39.004607,-76.8756838
billin,46.743231,5.6245053
beltsville,39.0299081,-76.9149547
w.va,38.4758406,-80.8408415
billboard,13.7415233,100.5532482
d&p-8,-24.119286,-63.996411
celina,40.5489358,-84.5702338
west virginia fire,47.5237902,-92.5364716
sunbeam,36.5876516,-77.0277411
wakarusa,41.5361597,-86.0208334
clearing,41.780588,-87.7733881
torquay,50.4652392,-3.5211361
troutman,35.7005832,-80.8882314
angeles county,34.3155072,-118.209681
compton,33.894927,-118.226624
south el monte,34.0519548,-118.0467339
willowbrook,33.9204209,-118.2418543
los
angeles,34.0536909,-118.242766
huanuni,-18.2857835,-66.8346828
corocoro,2.8121481,-70.5460668
siglo,59.9286272,5.2005594
aranibar,43.328375,-1.8228481
hunosa,43.287954049999996,-5.660618690966125
gurria,6.508891,-75.0924229
sebro,8.805,41.605
new
york state,43.1561681,-75.8449946
markborough,39.0333267,-77.4157023
the eastern district,18.9823836,72.8371986
centrust,42.146012,-87.8300719
augusta,33.4709714,-81.9748429
kearny,37.9960049,-101.3523356
regent sea,52.6073275,1.7315101
monmouth,40.2932319,-74.1671114
clark,39.3260541,-87.7838526
ansonia,41.3429922,-73.0787468
carlsbad,33.1580933,-117.3505966
franklin,33.2002659,-95.2231752
the great lakes,27.6761122,-97.41979932223072
lake ontario,43.72634945,-77.71011790408386
lake erie,42.1432332,-81.23963264881922
st. paul,53.9446204,-111.2100163
golden west,40.9091115,-111.8999386
new york state's,40.7489457,-73.96808424536403
rogers,36.3781607,-95.6190889
bali,-8.3304977,115.0906401
johnston,35.5285816,-78.3768021
the united
states,47.830324,-122.597908
the united
states,47.830324,-122.597908
the united
states,47.830324,-122.597908
ford city,35.16591775,-119.45930349699975
morrocco,43.5613626,11.2052889
club,51.2062966,-1.6065424
lawrenceville,33.9566391,-83.9890066
tishomingo,34.7238634,-88.2268403
zhujiang,25.1178997,110.4174817
qiantangjiang,30.1797294,120.1549074
minjiang,32.403946,103.71784
hong kong land,39.0297228,-76.5053988
zomba,-15.3863208,35.3268273
malawi,-13.2687204,33.9301963
south-east asia's,-36.8624515,174.7207047
naira,12.5800257,14.6685719
black africa,-0.3431633,36.16911050926632
the united
states,47.830324,-122.597908
calabria,39.0565974,16.5249864
taupo,-38.6866197,176.0694773
north island,-38.00353045,175.95785260835657
borba,38.8057942,-7.4542105
cape canaveral,28.4513556,-80.5283059
sanremo,43.8198253,7.7748827
raimond,44.8341414,-0.3357487
grangemouth,56.0189027,-3.7230303
neptunia,-34.788026,-55.8718706
cojuangco,15.42701,120.9377944
gaza,31.4432234,34.360007
saudi
arabia,25.6242618,42.3528328
prince charles,53.5755185,-113.536201
rafidain,48.1952928,16.4077314
sonntagsblick,47.5914507,9.065429
amadeus,43.645811800000004,7.120973318347217
surat,45.9383,3.2553
eromanga,-26.6674973,143.2706004
kerna,46.5814656,14.058384
the third world,35.2258025,-80.8505146
surfers,47.3050793,11.0690889
bass strait,-39.4730144,145.26236677006284
new zealander,-34.0023596,151.1377469
vw,28.6950369,77.2147192
golfs,40.986819,-72.128839
punta del este,-34.9632342,-54.9439981
hong
kong,22.350627,114.1849161
mogadishu,2.0349312,45.3419183
ingolstadt,48.7630165,11.4250395
the north side,18.2278745,-63.0556798
vernes,43.269853,-8.7162238
kaysersberg,48.157187300000004,7.241094008940136
nowruz,37.9265087,65.2206035
kharg island,29.240594299999998,50.31172927653904
ardeshir,28.898033650000002,52.53918975797305
s.australia,-30.5343665,135.6301212
electro,-32.407814,-63.2309723
bremen,53.0758196,8.8071646
the united
states,47.830324,-122.597908
the middle
east,35.8696053,-84.1210495
north slope,69.5335129,-153.8220681
freetown,8.479004,-13.26795
san luis obispo,35.3540209,-120.375716
valerio,27.6650925,-106.0951152
the republic of china,22.27565635,114.16141521730148
mimai,7.0678933,125.6107997
hong
kong,22.350627,114.1849161
102nd,7.79351245,122.5981890836012
westboro,45.3919622,-75.7542905
grand rapids,42.9632425,-85.6678639
korth,29.1035804,-97.8219449
westlb,51.5161461,-0.0902405
sioux,43.0574079,-96.1602368
gastonia,35.2622654,-81.1838186
costain,33.336733100000004,-111.81075712600307
costan,46.6713273,23.2076279
ely,52.3990199,0.262039
cyanamid,20.3975391,-103.1429079
bellwood,41.8814197,-87.883117
bound,44.4302739,26.100184
ga,-0.8999695,11.6899699
bristol,51.4538022,-2.5972985
warrenton,38.7135498,-77.795367
wanamassa,40.237119,-74.03069554960847
lopat,49.7699003,19.9915961
nutting,51.6046182,7.964140742966752
de havilland,49.1322381,-93.9201046
allegheny county,40.4597204,-79.9760405
sunter,-6.1758729,106.8948805
cosenza,39.596685300000004,16.333055599019605
uncasville,41.4345426,-72.1097996
kuwaiti,1.0075294,34.0753543
the
gulf,-30.0818,152.1929
corvallis,44.5645659,-123.2620435
coley,51.4492094,-0.9783394
cashiers,35.112249500000004,-83.09877809557159
atlantic
city,39.3642852,-74.4229351
herstatt,50.9426743,6.9523814687194125
pw,52.2216394,21.00737979000361
maumee,41.5628294,-83.6538244
tuolumne county,38.056944,-119.9919351
north
america,51.0000002,-109.0
rexham,48.2580144,14.0403464
spending,40.0169143,-86.1385857
northport,46.7918564,-64.06301679150738
the channel islands,19.3298691,-81.17122907994889
isle of man,54.1936805,-4.5591148
williamsville,42.9637836,-78.7377258
cemetery,4.7648843,7.029356
dallas county,32.7620405,-96.7790069
carnegie,40.4086802,-80.0833885
south bend,41.6833813,-86.2500066
oconomowoc,43.1116731,-88.4992659
greens creek,-26.169653500000003,152.74675950277776
juneau,43.9532381,-90.1218405
moenchengladbach,51.1947131,6.4353792
swire,53.9473149,-2.179477
punta,45.0504899,14.026964636330371
chanthaburi,12.9081033,102.0159145
cooper basin,39.0165052,-106.8004177
norcros,53.0567361,-2.2146402
caisse,48.7111534,2.3718611
shenyang,41.8026095,123.4279105
penang,5.4065013,100.2559077
davos,46.796198,9.8236892
south
korea,36.638392,127.6961188
new
zealand,-41.5000831,172.8344077
barbados,13.1500331,-59.5250305
sriharikota,13.6280508,80.22564247856761
madras,44.6334544,-121.129487
xiamen,24.5438732,118.0768065
dc,4.6529539,-74.0835643
south waziristan,32.211457949999996,69.55876469963252
central bank,37.932370399999996,58.3751086429009
normandy,49.0677708,0.3138532
sbci,47.3497694,6.368765347304155
418p,36.4962184,-112.2549821
bandar abbas,27.1793466,56.2781423
epcot center,28.372363800000002,-81.54904536199228
mississippi valley,33.6328962,-90.0320294
south
dakota,44.6471761,-100.348761
california coast,32.7092387,-117.1575897
atlantic
coast,50.2119308,-5.3899093
grandville,48.5956451,4.2319159
mt,40.447641899999994,16.47357384028852
hagerstown,39.6430455,-77.7191081
fargo,46.877229,-96.789821
north
dakota,47.6201461,-100.540737
victor,41.7313887,-92.2979429
non-,40.7127281,-74.0060152
im,5.5859456,7.0669651
stavanger,58.9699675,5.7318101
db2,53.318510200000006,-6.441031540247401
prospect,38.3459615,-85.60460479093771
j.m.,13.91601735,121.42199747171699
lumberton,34.6183433,-79.0083993
dortmund,51.5142273,7.4652789
bad blankenburg,50.6829946,11.2726327
ocala,29.1871986,-82.1400923
stebbins,63.477306,-162.23153289737448
carrington,47.44972,-99.126224
landesbank,47.9513195,9.382047
rheinland-pfalz,49.9531599,7.310646
hercules,38.0171441,-122.2885808
ivrea,45.4673791,7.874797
vicenza,45.63485905,11.40635425660249
sicilia,37.587794,14.155048
n.v.,40.1176404,-4.2639122
admiralty island,57.71332405,-134.40983757816866
bologna,44.4938203,11.3426327
the arabian gulf,24.4732994,54.3742912
giant bay's,-34.976794,138.5142684
ribi,46.8643724,8.781601
south
africa,-28.8166236,24.991639
the asia pacific region,14.5801905,121.06090529043414
the asia pacific,14.5801905,121.06090529043414
tropical africa,-30.2925782,153.12440731534485
south asia,1.35862245,103.93147757443202
mount snow,42.9589685,-72.9237112
san joaquin valley,20.4428683,121.9892625
lebec,34.8416435,-118.8648189
naples,40.8358846,14.2487679
showboat,51.4952647,4.2898422
u.s.a.,14.401928,120.9279826
kingsport,36.550238,-82.5594293
growmark,40.5005746,-88.95641255411658
goldkist,30.2991674,-83.0088701
midstates,37.970617,-100.821215
harvest states,47.3252287,-122.222997
johnstown,40.3267407,-78.9219698
the united
states,47.830324,-122.597908
reserve bank,-11.4628977,34.00791986959834
truevision,35.8649415,-78.8471358
south
africa,-28.8166236,24.991639
jetstream,37.9514844,-84.5039022
mich.-based,44.764242949999996,-85.61415910421914
lorain,41.2633554,-82.1734746
md,39.5162401,-76.9382069
roanoke,37.270973,-79.9414313
st. joseph county indiana,41.5941578,-86.2787334
co.,45.939475900000005,9.149410145408947
sceptre,50.8618041,-109.2683776
brattleboro,42.8507588,-72.5572913
dade
county,34.8722084,-85.4998791
volkswagon,4.683487,-74.0641914
paradise island,25.08335515,-77.3063341678734
timonium,39.4368436,-76.6187044
guasare,11.0673752,-72.0975581
carbozulia,10.6855093,-71.5953752233413
the united
states,47.830324,-122.597908
wyckoff,41.0095417,-74.1729222
nickel plate mountain,49.3718765,-120.0345411
tandon,29.7919041,78.937068
sherman,36.2452294,-101.8858689
hong
kong land of <,22.2995292,114.1681006
hong
kong,22.350627,114.1849161
vietnam,15.9266657,107.9650855
the central highlands,33.2053365,-87.52083318426318
research triangle park,35.8923773,-78.86588989367681
geismar,51.2317614,10.1663185
north waziristan,33.0,70.0
lantau,51.88826815,-2.131402200000001
southern china,35.3831683,-80.5810234
duisburg,51.434999,6.759562
pohang,36.0189315,129.3429384
sassan,39.615708,-77.6572064
n'djamena,12.1191543,15.0502758
ouadi doum,18.379018,20.381583
faya largeau,17.9209323,19.0953202
progressive,31.8341785,-102.3602586
chaiyaphum,16.2720349,101.7153824
korat,8.55111,43.03333
dart,39.4861851,-81.2742815
yeo,51.00900715,-2.6438914119928385
galleria,40.97433555,28.86965864424037
intermountain,46.61959975,-112.02347637808325
new guinea,-5.522593049999999,142.08709052245882
asia-pacific,34.8528895,-82.3573713
juha,48.0881917,11.4654581
north-south motorway,-34.9090641,138.5649083
mcfarland,35.6780104,-119.2292748
timminco,39.76569705,-104.85561336119198
charleston,32.7884363,-79.9399309
the united
states,47.830324,-122.597908
twinsburg,41.3125552,-81.4401129
coral,42.2172451,-88.5645356
barents sea,74.34815985,37.196418750640696
t.c.,16.2463683,-97.1459162
bellingham,48.7544012,-122.478836
north
rhine-westphalia,51.4789205,7.5543751
bradenton,27.4989278,-82.5748194
argo,41.7758173,-87.8203
big bang,35.2558031,-111.658427
south
africa,-28.8166236,24.991639
rio de
janeiro,-22.9110137,-43.2093727
russia,40.2338211,-84.4096729
west virginia power,40.2111821,-80.659244
c.r.,10.699627,122.55136999999999
south
africa,-28.8166236,24.991639
galesburg,40.9475652,-90.3712169
the united
states,47.830324,-122.597908
b767,55.8038402,-4.2694032
b38,12.9914276,-1.2240315
****new,6.0084489,-10.0316823
lorente,40.6954162,0.697515
rausen,50.2097878,17.7342179
the united
states,47.830324,-122.597908
butte,39.6519275,-121.5858444
heights,53.6196291,-1.8500661
spartanburg,34.9498007,-81.9320157
morris,33.0738633,-94.7392197
messidor,43.1088434,5.8615235
triton,49.5230512,-55.6124588
herkimer,43.4911326,-74.9481252
grand gulf,32.0332117,-91.0526075
middle south's,32.951093,-81.228221
aberford,53.843233049999995,-1.3544239910512448
known,13.4778564,39.5444019
conshohocken,40.0792766,-75.3015714
cabot,34.974532,-92.0165336
middle south,32.951093,-81.228221
woodinville,47.7545827,-122.1588902
sentuc,45.7072046,4.8768818
labatt,45.474285699999996,-73.3907594835443
canoga,42.8534013,-76.7485627
hemisphere,33.6913105,-117.7071964
the united
states,47.830324,-122.597908
latacunga,-0.9340311,-78.6145758
west
germany,50.0980486,8.546222066188694
the united
states,47.830324,-122.597908
new
zealand,-41.5000831,172.8344077
valparaiso,-32.5976089,-70.8529753
santa monica,34.0194704,-118.491227
wooster,40.7980976,-81.9397733
arinc,38.21561,41.7675207
west
germany,50.0980486,8.546222066188694
the southern pacific,33.7835076,-118.2272099
southern pacific,34.391601,-118.922362
materialy,50.0863856,14.320112107880433
meston lake,-41.89777525,146.2283134845306
eastern kansas,37.239897,-97.399644
west kansas,37.7124115,-97.1396331
eastern north dakota,48.407717,-97.399397
the gulf of,49.9641994,-6.3598725
mobile bay,30.456015649999998,-88.01110175153849
muskegon,43.2484584,-86.129351
cavaco,-14.0227699,-39.2332077
the united
states,47.830324,-122.597908
the united
states,47.830324,-122.597908
wintersburg,48.7859173,7.1881884
the pearl river,46.45166775,-63.43613516812354
hong
kong,22.350627,114.1849161
hong
kong,22.350627,114.1849161
the united
states,47.830324,-122.597908
san
salvador,13.6989939,-89.1914249
the sea of japan,40.5996705,140.4836943
shizuoka,34.9332488,138.0955398
flatrock,47.70490585,-52.723432822280174
insignia,47.616753900000006,-122.34331657457996
baoshan,25.1147115,99.1591622
the bass strait,-34.6786951,150.8539645
orissa,20.5431241,84.6897321
nobuo,-22.0147817,-47.90836093957794
ashai,47.4932804,7.5892054
the united
states,47.830324,-122.597908
lucas,41.6508446,-83.621321
lucas industrial,34.0790144,-117.588260548898
the united
states,47.830324,-122.597908
ferdinand,44.72271405,-71.77495771343214
north africa,13.5790458,-2.4139986
himont,49.5852765,0.7039196
canot,-20.2218571,57.4300692
the united
states,47.830324,-122.597908
new generation,39.3999508,-76.6027091
west
germany,50.0980486,8.546222066188694
rio tinto,-6.803828,-35.077569
the united
states,47.830324,-122.597908
tunis,36.8002068,10.1857757
ponce,18.011564,-66.613958
elk grove,38.4087993,-121.3716178
faya-largeau,17.9209323,19.0953202
faya,17.9209323,19.0953202
tinto,5.5453912,9.5892236
los alamos,35.88137,-106.298959
lake
ontario,43.72634945,-77.71011790408386
maldives,3.7203503,73.2244152
south yemen,51.4950672,-0.17866131352229594
coruna,43.3709703,-8.3959425
tarragona,41.1172364,1.2546057
southeastern,31.5856126,-102.8826804
san
antonio,29.4246002,-98.4951405
****sao,12.2579231,14.8116302
vestal,42.0850703,-76.053813
san
angelo,31.4649685,-100.4405094
little rock
air force base,34.90592735,-92.13876998759838
humacao,18.1491849,-65.8250136
norcen,46.0504671,11.871537
lane county,38.4651663,-100.4776682
horwath,17.49130095,-88.18730740164142
south germany,51.0859543,6.982486
nineth,30.003451,-90.406522
rocky mountain,41.9728703,-74.3726505
the district of delaware,38.88912695,-77.0408906
brampton,43.685832,-79.7599366
grand
rapids,42.9632425,-85.6678639
andalusia,37.3399964,-4.5811614
charlottetown,46.234953,-63.132935
shelbyville,38.2120144,-85.2235666
hervey,33.4981778,-93.7771262
janesville,42.6829765,-89.0226793
south
east asia,-36.8624515,174.7207047
south east asia,-36.8624515,174.7207047
middle atlantic,9.2820828,-79.9193666
alameda,37.6090291,-121.899142
san
mateo,37.496904,-122.3330573
james river,45.5703064,-62.1314351
lakeview,42.1887721,-120.345792
jericho,44.5061612,-72.9953537
levittown,40.7259621,-73.5144766
marine,38.7864361,-89.7775939
severna,51.0000002,-109.0
malibu,34.035591,-118.689423
yates field,39.385656,-76.53885368440034
the yates field,38.90936465,-77.07676552747142
s.a.,15.3538569,44.2058841
ivory
coast,7.9897371,-5.5679458
versailles,48.8035403,2.1266886
guillaume,18.2878996,-74.0732514
north ridge bank,42.7331683,-70.791182
north ridge,42.7084266,-70.8050496
u.s.-made,-22.1295382,-51.4089027022045
marysville,48.0517429,-122.1768209
pepco,51.77436415,20.270559195885134
hartville,37.2508838,-92.5104447
anadarko,35.0725323,-98.243981
long island,40.85149705,-73.0994258107431
harvey,38.0352315,-97.4486267
st.
louis,38.6280278,-90.1910154
pacific islands,46.673558299999996,-123.96808504366223
south pacific,7.0654996,125.51339813630105
tahiti,-17.68734395,-149.44516811423745
kassel,51.3154546,9.4924096
phillipsburg,40.6915611,-75.1952543
tenafly,40.9253766,-73.9629154
springfield gardens,40.678159,-73.746521
ketza river,61.8223966,-132.2831306
smoky river,55.6543287,-117.188623
baldwin-united's,44.8372217,-75.8873435
perry oklahoma,36.2907352,-97.288396
the west indies,50.83635905,0.46178907969151417
agoura,34.1431615,-118.7381293
beach county,46.9180689,-104.0043728
benguela,-12.9104657,14.0356608
angolan,-11.8775768,17.5691241
lobito,-12.3506867,13.5464318
luanda,-8.8272699,13.2439512
mozambique,-19.302233,34.9144977
s.g.,52.3207844,9.5998865
estenssoro,-17.4055736,-66.1494306
northwest aluminum,45.970801,-95.5885258
moosburg,48.4667,11.9333
